UUID,Title,"First Name","Last Name","Street Address",Barangay,Municipality,Province,Country,"Phone Number","Mobile Number","Company Name","Company Website","Job Title","Favorite Color",Birthdate,"Email Address",Password
d8106706-b734-36ce-9008-5ce7ce446bd8,Miss,Kelly,Okuneva,"78A/18 Bergnaum Center","Douglas Mountain",Bacolod,"North Dakota","Syrian Arab Republic",530-497-429,519-601-519,"Flatley and Sons",okuneva.com,"Forensic Science Technician",teal,1981-08-24,hsenger@strosin.net,"&F=[;""+_"
05fe4b56-643b-32bc-9978-a2eb3a3dbf3d,Mr.,Aidan,Volkman,"88 Medhurst Ports Apt. 588","Block Junctions",Muñoz,"South Carolina",Guyana,926-920-957,520-367-283,"McLaughlin, Fisher and Lesch",bode.org,"Occupational Therapist Assistant",blue,2022-02-08,keara.toy@hotmail.com,2OD|w5zn~l/o!$QYYZ}$
9613c7c9-fdb5-39f5-a8c8-2366cba400bb,Prof.,Sabina,McGlynn,"81 Hessel Freeway Apt. 543","Cassin Skyway",Ilagan,Kentucky,Iraq,156-920-673,495-925-171,"Morar, Schmeler and Ruecker",schmeler.org,"Special Force",yellow,2013-05-30,okon.laurie@hotmail.com,"\!/NObXn/VaXm/tnB`S"
d23ba391-fdbf-3f2d-8ab4-5729bc51aa8a,Dr.,Dimitri,Roob,"57 Kuhn Circle Apt. 874","Metz Rapid",Roxas,Massachusetts,"Netherlands Antilles",406-140-652,383-158-204,"Nolan, Kunde and Towne",rosenbaum.net,"Automotive Technician",fuchsia,2002-02-03,dayton54@kulas.net,R0!{f;g;yQsw+`y`Y.wc
71d999ab-8ceb-300a-a34f-53685309b0ab,Mr.,Amina,Ortiz,"56A/46 Wiza Shore","Daniel Knoll",Borongan,Maine,"Puerto Rico",252-798-243,566-298-129,Hackett-Cartwright,cole.biz,"Tax Examiner",fuchsia,1990-04-24,jjones@kunde.com,DhSR9tlL6mXiW
bdd12b8d-afdc-34ff-a70b-70c4513d8e90,Prof.,Cortez,Bradtke,"95A/72 Gerlach Locks Apt. 070","White Dale",Dumaguete,Louisiana,"Cote d'Ivoire",725-074-090,226-176-520,"Okuneva, Witting and Nienow",konopelski.biz,"Paving Equipment Operator",fuchsia,1980-05-10,oreilly.rashawn@bailey.com,%:j+?qJro
64839cd9-5b16-3cae-8987-e4281734e231,Prof.,Manuela,Stehr,"14A Grady Cliffs","Sauer Ridges",Vigan,Hawaii,Fiji,520-469-093,514-954-914,Bergnaum-Bartell,hudson.com,"Brake Machine Setter",white,1997-03-20,carter04@langosh.com,"m""564DGa[cF"
5096be08-1231-3a90-a723-d70bdbb1ddcc,Ms.,Jaeden,Frami,"22A Gottlieb Inlet Apt. 037","Turcotte Curve",Valenzuela,Utah,"Burkina Faso",782-332-977,604-802-660,"Sawayn, Schmeler and Herzog",cartwright.biz,"General Farmworker",maroon,2003-07-01,estevan.mcglynn@hotmail.com,0&70xXA9s.quq$
5b9d5b30-596d-3d27-9160-acee2d067d6e,Prof.,Verdie,Zemlak,"14A/81 Beer Mills","Boyer Trafficway",Antipolo,Michigan,"Slovakia (Slovak Republic)",272-179-549,345-987-591,"Russel, Cormier and O'Conner",witting.net,"Urban Planner",yellow,2008-03-23,rubye.schroeder@wilderman.biz,"9^|6,jsaNk/i"
476295a0-c5f3-32b2-817c-3990af45b753,Prof.,Reggie,Gulgowski,"18 Purdy Overpass Apt. 956","Bergstrom Highway",Marikina,"New Jersey",Tokelau,779-868-691,515-526-400,Hirthe-Shields,crooks.com,"Terrazzo Workes and Finisher",black,2003-11-27,vergie89@hotmail.com,":\uDM3K5rJXs{1Zd"
2114d461-c0e3-3759-ab88-66f5757a5523,Ms.,Bryce,Bradtke,"32A Von Neck","Kuphal Burgs",Tacloban,Kansas,"Cocos (Keeling) Islands",500-709-488,823-749-859,"Koch, Hirthe and McDermott",hills.com,"Industrial Safety Engineer",black,1972-06-30,blanda.johann@tromp.com,"HnLaYQil^fEk"""
b88375b5-f77c-32c4-88fd-02ed917d7ade,Miss,Lydia,Konopelski,"87A Kertzmann Course","Keeling Stravenue",Himamaylan,"New Mexico",Macedonia,830-684-690,722-701-426,Morissette-Sipes,bradtke.com,Hydrologist,aqua,1991-08-26,king.laney@tromp.com,"""vq^8O.d#L,~6"
e75a50e4-5c13-38e9-b168-d1576d7cc633,Dr.,Elaina,Gottlieb,"39 Halvorson Square Apt. 104","Koepp Ranch",Cauayan,"North Carolina",Guernsey,752-060-725,942-905-396,Turner-Stark,boyle.com,"Food Batchmaker",yellow,2010-08-16,schuster.estelle@moen.com,;-SR6&.i<1iBo@[
12c97f9c-2d92-3b27-8e9e-ee209038bb37,Mr.,Elsie,Corwin,"71/28 Weber Park Apt. 521","Stehr Passage",Iligan,"North Dakota",Paraguay,034-196-208,792-923-548,"Treutel LLC",schamberger.com,"Freight and Material Mover",blue,1984-12-16,runolfsdottir.allan@fisher.com,EsYPdI6OmpB=*[
c05513ca-4956-32f4-871f-784bb66f1c29,Prof.,Allie,Nader,"64A Schmeler Shoals Suite 439","Bernhard Route","San Pablo","New Mexico",Zimbabwe,261-169-785,512-857-044,"Nienow, Gottlieb and Deckow",franecki.net,"Elementary and Secondary School Administrators",silver,1992-08-08,libby.kerluke@botsford.org,W-<*R1NW0
fbc6f5a3-3fac-3436-9c7a-d26770f1fa36,Ms.,Marguerite,Dietrich,"61/46 Nolan Summit","Leannon Path",Marawi,"District of Columbia",Turkmenistan,996-340-914,069-889-069,"Pouros Group",boyle.com,"Annealing Machine Operator",fuchsia,2006-08-05,schimmel.rhiannon@kozey.com,$z_X_Kq+sJ$
9d5e2d8e-2453-3f59-aa7a-98ee95952366,Prof.,Major,Brown,"52A Hauck Vista Apt. 457","Bahringer Pine",Valencia,California,Sudan,794-734-113,036-909-075,"Russel, Doyle and Purdy",nolan.org,"Movie Director oR Theatre Director",olive,1977-03-23,moshe.dicki@gmail.com,)9VdHog]Ppi.S
700483f3-46a9-3618-b46f-de6322e1fb19,Ms.,Kailey,Green,"51/10 Tromp Road","Pouros Terrace",Dagupan,Minnesota,"Cook Islands",302-371-083,824-791-869,"Abernathy LLC",schamberger.com,"Tour Guide",yellow,2008-11-19,wrosenbaum@gmail.com,AK(k9GO3|f.vW
6073cc6a-0083-3c30-b6c5-3c7bd754644a,Mr.,Dariana,Bradtke,"40A Pfannerstill Spring Suite 172","Reilly Pass","Quezon City","South Dakota",Nigeria,181-351-467,642-054-903,Kohler-Satterfield,hand.net,"Marking Clerk",teal,1999-03-09,glover.dangelo@romaguera.info,c:Z:Di
b9633308-b67c-3fef-89b6-8567cd77237a,Prof.,Allie,Gorczany,"66A/12 Barton Ridge Suite 244","McCullough Coves",Tandag,Alabama,Haiti,951-666-905,908-994-029,"Reichert Ltd",gusikowski.com,"Agricultural Equipment Operator",black,1975-01-26,pveum@hotmail.com,H3W:CDqlo
8a055bbe-3fb1-340b-80f2-09a9560a0b62,Miss,Annie,Koelpin,"91A Lynch Manors Apt. 155","Paucek Hill",Ormoc,Wyoming,Oman,227-021-639,680-150-579,"Douglas, Gutmann and Dickinson",yost.com,"Communications Equipment Operator",blue,2020-08-14,ursula75@senger.com,t^Bngcnz
aaf9dfa5-5652-3801-ae95-566b059968a6,Prof.,Caterina,Robel,"44A Bednar Street","McGlynn Hollow",Mabalacat,Minnesota,Nigeria,200-254-736,685-584-146,Anderson-Zemlak,lueilwitz.com,"Head Nurse",maroon,1976-04-10,mokeefe@price.info,"sZF/k)\N'Bk])I6Fu"
409fe01c-fe9b-3f1f-b9e8-9f0b354967c5,Dr.,Leonor,Paucek,"87A/00 Turner Grove Suite 359","Hamill Heights",Maasin,Illinois,"Hong Kong",019-815-396,650-011-675,"Mante and Sons",stanton.com,"Medical Appliance Technician",aqua,1971-09-05,camylle02@cruickshank.com,w+ML!::+`1D
8efba585-b859-3bca-941e-c84acdd19c8c,Dr.,Camryn,Howe,"87 Rosenbaum Creek","Boyle Cliffs",Vigan,Indiana,"Norfolk Island",474-081-943,832-754-480,"Ward Inc",rohan.com,"Mathematical Science Teacher",black,2005-12-17,szemlak@nikolaus.com,"5Qazv%7txev;5y\=&In"
c2e31b3d-3f3d-3109-843c-5696b6efaffc,Prof.,Ramon,Boyle,"33A Gutmann Bypass","Klocko Creek",Bacoor,Alabama,Madagascar,442-785-139,688-801-117,"Schultz and Sons",leffler.info,"Public Health Social Worker",blue,2017-04-23,ewisoky@oconner.com,"""neVT<oUP<"
d6e85edd-e84b-3d0f-a648-64e70dccdea5,Prof.,Rory,Ziemann,"41A Turner Bypass","Nader Forge",Talisay,Nebraska,Kazakhstan,091-018-584,005-355-553,Jerde-Schuppe,oberbrunner.com,"Web Developer",blue,1987-04-11,cherzog@hotmail.com,oOHCW4P|N_C[5C5=`pD;
82c64a60-0afb-3bc8-b2c1-a7d735af9470,Mrs.,Fiona,Dietrich,"66 Feeney Unions","Conroy Plains",Valenzuela,Texas,Guam,815-421-427,427-938-618,"Daniel, Kertzmann and Klein",schneider.info,"Packaging Machine Operator",green,2005-08-14,sandrine84@hudson.net,{e7uwF(Ml+0T;TU-'Kpc
383aff22-4767-33b3-a094-288b92dc9458,Prof.,Leo,Tremblay,"27 Lemke Corner","Anderson Crest","Batangas City",Washington,Albania,675-687-210,798-426-936,"Denesik, Sawayn and Schaden",parisian.com,"Human Resources Assistant",teal,2013-06-22,crystel.franecki@leannon.com,W|mb`ngH0QA
0eb91175-749a-3066-b5eb-8948dba432a1,Mrs.,Cassandre,Cruickshank,"22A Hills Trafficway Suite 782","Heidenreich Glens",Koronadal,"South Carolina","New Caledonia",729-269-935,172-424-342,"Wiegand, Wiegand and Weber",hamill.com,Legislator,gray,1972-07-12,alexandria84@altenwerth.com,|f:N3[Ht#*EGz_
572e9752-3008-3e44-9570-d02bb21089b4,Mrs.,Al,Gleichner,"33A/37 Schmeler Ridge Suite 018","Ortiz Lake",Olongapo,"New Hampshire",Benin,543-411-383,749-627-449,Koepp-Pouros,emmerich.org,"Reservation Agent OR Transportation Ticket Agent",yellow,2013-03-10,keaton.reichert@halvorson.info,<v/3ngI6A73Gw&}*{
c6bbd581-7462-375a-a51d-c48171f9d6e6,Miss,Daisha,Kuphal,"49/41 Gleichner Plain Apt. 106","Wunsch Drive",Tagbilaran,Washington,Azerbaijan,077-627-813,063-566-435,"Kihn Inc",sawayn.net,"Purchasing Agent",purple,2023-11-28,lindsey25@dietrich.org,_Tky-+{]rItrb/
85ad669a-1777-33ad-8590-53d88ff3d617,Ms.,Bernhard,Stehr,"47 Yost Ford","Turcotte Terrace",Muñoz,Maine,Rwanda,140-050-798,438-700-404,"Skiles, Haley and Homenick",hartmann.org,"Armored Assault Vehicle Crew Member",maroon,1991-11-18,elton.hoppe@yahoo.com,"$OLdHK,RCc./)cttVW"
7ab4218f-9824-3882-bdd5-cb0761cbbeca,Miss,Tierra,Bogan,"35 Ebert Island","Welch Fort","Trece Martires",Massachusetts,Monaco,041-203-752,940-122-375,"Goodwin and Sons",simonis.com,"MARCOM Manager",fuchsia,1978-02-27,shania23@batz.biz,(!y=$y*o[
5e24702d-7402-366a-8922-f753e12582c9,Miss,Antonio,Schowalter,"97A Koss Knoll","Kunde Groves",Sipalay,Utah,"Cocos (Keeling) Islands",721-430-197,785-776-640,"Kiehn, Parker and Abernathy",boyer.com,"Special Forces Officer",aqua,1975-05-21,dhudson@yahoo.com,[XPN*~U)mO?FUF?T
65f6e0ba-953c-3ccb-9969-3cc95217eb61,Miss,Janick,Brakus,"07A/03 Dicki Divide Suite 110","Okuneva Point",Cabanatuan,"West Virginia",Bermuda,622-458-913,139-977-180,Glover-Kub,schneider.com,"Career Counselor",white,1993-03-03,arthur53@cummerata.biz,U0{n8%Mw44<<P/*<^
2e6ceb9a-9f96-3460-b21c-448d42064e46,Ms.,Carmela,Hill,"42 Kuvalis Square Suite 444","Heaney Drives",Dagupan,Oregon,"Central African Republic",642-367-513,348-646-163,"Kirlin PLC",reichert.info,"Claims Adjuster",blue,2012-05-07,efunk@monahan.org,"x""UZ\V"
bd0f593c-b813-3d4c-8aff-37e95883c5f0,Dr.,Chesley,Powlowski,"80A/45 Braun Island Apt. 879","Torphy Courts",Gingoog,Georgia,Spain,648-018-331,485-220-625,"Braun PLC",little.com,"Computer Scientist",black,1999-07-30,urunolfsdottir@streich.com,BL|(d&6&E
d3263f27-1625-3ad8-b521-be6d20da55d0,Mrs.,Wyatt,Schuppe,"29/87 Bode Plaza Suite 841","Swaniawski Isle","San Fernando",Wyoming,Australia,607-780-765,669-055-767,Cruickshank-Wunsch,gleichner.org,"City Planning Aide",blue,2007-10-11,jacobs.marilou@yahoo.com,THE8%KL
dee5aea3-9843-3b6e-8a53-224e94b4bb44,Mrs.,Urban,Runolfsson,"77 Kessler Estates","Spinka Rest",Danao,Louisiana,"Netherlands Antilles",677-970-825,268-792-513,"Ward Ltd",hills.com,"Petroleum Technician",navy,1988-03-13,dell.reilly@balistreri.com,wcSl1OQ)B2Joa=jbh<7@
25017314-f390-3411-8d4b-aa57ea878162,Dr.,Lela,Kuphal,"44 Watsica Crossing Apt. 889","Rolfson Drive",Pagadian,Washington,"Dominican Republic",574-960-423,244-217-606,"Durgan, Konopelski and Breitenberg",klocko.com,"Poultry Cutter",black,2007-01-15,juanita87@yahoo.com,"H,r^!`1BmZ"
aa4cc31e-2625-3f11-b574-7f1ead5d25a7,Prof.,Maye,Lowe,"37/35 Collier Bridge","Donnelly Island",Tagum,Nevada,Ecuador,021-919-454,328-485-678,Schulist-Cruickshank,ortiz.com,"Semiconductor Processor",purple,1976-05-08,senger.keshawn@weimann.biz,"uC:W:c%E""9F~a),4p6d"
f1e89aa0-7268-3093-acff-ad0390545de6,Miss,Yvette,Wiza,"72/31 Ryan Mountains","Goyette Parkway",Carcar,"New Jersey","Saint Kitts and Nevis",219-316-372,652-851-082,"Runolfsdottir and Sons",walter.com,"Graduate Teaching Assistant",silver,1999-09-21,awalker@gmail.com,LFs_Z`Zp
ce4ea424-2efb-3589-8c07-ee9487298dc7,Dr.,Antoinette,Fisher,"86A/14 Brown Junction Suite 874","Franecki Circles",Maasin,"North Carolina",Thailand,425-025-251,465-559-922,"Bashirian, Kassulke and Goyette",yost.com,"Home Health Aide",blue,2002-08-25,mhill@gmail.com,"4hN@Q3""LG1}"
02aa90a9-5575-3244-ba89-c1ae3ad9fa28,Ms.,Albin,Wintheiser,"71 Rohan Road","O'Kon Branch",Guihulngan,Montana,Latvia,095-591-206,318-737-086,Anderson-Leffler,hill.biz,"Budget Analyst",teal,1977-05-27,camron.koss@yahoo.com,8wr2?csX:vm{ElK(Yk
b1781886-62a2-3d92-b3a5-81eab5b6864b,Dr.,Maiya,McLaughlin,"08A Christiansen Trail Suite 278","Auer Junctions",Tanauan,"West Virginia",Serbia,137-810-464,418-824-443,Ziemann-Ankunding,boyer.info,"Clinical Psychologist",lime,2021-03-11,frances.runolfsson@yahoo.com,"?&e>{\X=QuWa+^GR[<D@"
5e01ca2d-fc2f-3918-8218-d8346d8b46ea,Prof.,Max,Rath,"15A Daniel Plaza","McGlynn Glen",Gingoog,"Rhode Island",Turkmenistan,617-858-895,277-822-112,"Bogan, Ratke and Greenfelder",rempel.biz,"Insurance Sales Agent",silver,2018-09-06,bjacobson@hotmail.com,A?!)+~!?lpv
f30a982a-9ab1-33d2-8996-f339c3583188,Prof.,Khalil,Brekke,"00A Moore Shores","Runte Glen",Lipa,Mississippi,"British Virgin Islands",496-273-635,519-578-269,"Reynolds, Anderson and Dibbert",johns.com,"Tax Examiner",blue,1981-10-29,welch.jed@gaylord.biz,0)b2M4Gipt6
db3bca77-069a-3665-b32c-b1cc51c9c0a9,Mr.,Arnold,Ruecker,"03A/06 Swift Drive","Herman Center",Tagum,"Rhode Island",Lesotho,431-159-900,244-793-298,"Senger, Erdman and Stanton",heathcote.com,"Registered Nurse",yellow,2015-07-21,ophelia.waters@yahoo.com,PhUNEwodiv*uk
c1a71bd1-b077-3298-b6d8-3eaeaa2d24ee,Prof.,Cristina,Simonis,"90/82 Effertz Falls Apt. 594","Towne Underpass",Bacoor,Alabama,Pakistan,831-053-062,331-779-854,"Brown, Ferry and Little",mayer.biz,"Bridge Tender OR Lock Tender",purple,2004-08-31,jazmyn64@yahoo.com,"Xaao9X?k(qJ8M=A\C"
92f19b46-8d13-3b87-b687-5e6cfc328c62,Dr.,Trystan,Osinski,"05A Goodwin Ports","Terry Curve",Gingoog,Ohio,"Saint Pierre and Miquelon",202-862-181,092-540-874,Klocko-Schmitt,hermann.com,"Recreation Worker",purple,1972-06-03,bernhard.lydia@gmail.com,cU2d&g<mH{:0wKSe%[f
e1be6693-2fd4-3ba6-9d1b-b02625e6d186,Mr.,Claude,Gerhold,"63A Hammes Green","Rau Drive",Pasig,Delaware,"Costa Rica",955-919-974,975-283-584,"Pacocha, Herzog and West",bogan.net,"Computer Science Teacher",yellow,1978-06-25,abdul95@hotmail.com,"d5/""md@O?ac}}zt"
58700be5-824b-376a-a458-51b95159e006,Miss,Kristoffer,Daniel,"53A/28 Streich Hill Suite 865","Wolf Dam","Quezon City",Idaho,Netherlands,439-351-148,680-955-260,"Schmitt Ltd",heaney.com,"Extraction Worker",white,1984-05-16,arowe@crist.net,cSpk.&
48ecee5e-2d92-3bc2-bb08-5cbb318c1ec4,Mr.,Jameson,Kunze,"15A Berge Walk","Stehr Lights",Marikina,Ohio,Mexico,151-394-434,738-267-551,"Kirlin, Blanda and Hackett",crooks.com,"Special Education Teacher",olive,2007-12-27,alysson.durgan@fisher.com,b>%$<-jn0Z.0$`
6644ba3a-3c23-338c-a7d3-d183469cd152,Mrs.,Elbert,Pfannerstill,"26A/07 Harvey Estates Suite 762","Waters Cape",Alaminos,Colorado,Lithuania,503-894-348,778-536-899,"Emard, Sipes and Corwin",kub.com,"Athletes and Sports Competitor",silver,1988-09-18,leannon.gilda@jerde.com,"6""}s\AtRfP8"
64f7eb9b-eab3-367b-b487-1ff0b80fa1bc,Prof.,Samson,Cruickshank,"54A/13 Labadie Loop","Heathcote Pike",Sipalay,Wisconsin,Uganda,301-215-336,211-522-011,Bahringer-Hermann,wisozk.info,"New Accounts Clerk",white,1973-01-13,sandrine79@yahoo.com,cN`W1r#S#-(lGN[P
d8a7aefe-aea3-3908-a43c-049377a48ddc,Mr.,Felicity,Mosciski,"26/96 Lebsack Points Suite 649","Mayert Villages",Toledo,"New Jersey","Saint Barthelemy",458-092-797,620-083-477,"Rohan, Krajcik and Schamberger",jacobs.info,"Mail Clerk",navy,2012-10-20,jarvis54@hotmail.com,u:q-geUwbK|w$
542b6970-396b-3bb9-8a6a-c23eed7dbc0a,Ms.,Maryam,Waelchi,"49A Kemmer Island","Trantow Radial",Roxas,Kentucky,Israel,470-348-546,020-425-893,Emmerich-Kirlin,kassulke.biz,"Locomotive Firer",white,2019-08-13,agulgowski@johns.com,"DY;<_F""I*v*E.{9"
5b8744da-a5a5-376d-840b-17442c58c974,Prof.,Schuyler,Kuhlman,"89 Kohler Run","Hermiston Trace",Tabaco,Ohio,Djibouti,338-721-651,273-932-554,"Corkery Group",boehm.info,"Tire Changer",green,1983-07-20,dorian10@hotmail.com,9:rAG+)D*
9070e23f-3927-378e-a8d4-016687e22162,Mr.,Nicolette,Adams,"72A Schmeler Gateway Suite 060","Brown Vista",Passi,"District of Columbia",Serbia,220-940-154,501-317-354,McKenzie-Watsica,daniel.com,"Painter and Illustrator",olive,1989-11-25,ruthie12@toy.biz,R?QlI94+nN'
68ce01a5-a48a-3dc7-a1eb-0593f1667277,Prof.,Clyde,Ullrich,"36A/28 Erdman Trafficway Apt. 279","Jaskolski Passage","Las Piñas",Oklahoma,Benin,705-546-844,725-502-483,"Stehr, Torphy and Schuster",roob.com,"Cutting Machine Operator",yellow,2001-03-25,boyle.dorian@yahoo.com,mdhjR=1yG:
7a3463cd-35f2-33c5-a2fb-6eb6dae4d407,Dr.,Omari,Yost,"93A/03 Schimmel Terrace Apt. 935","Stanton Lane",Lipa,Hawaii,Belize,902-602-241,010-806-961,"O'Keefe and Sons",senger.com,"Nuclear Power Reactor Operator",purple,2020-01-06,lwest@grady.com,"1F$<SjIx/Q.FrY""v0"
a1a07637-72ce-3c23-815a-f226c69ec55e,Ms.,Blanca,Parisian,"39 Walter Court Suite 401","Jaskolski Avenue",Tagum,Montana,Belize,630-490-738,636-005-429,"O'Reilly, Schinner and Howell",dickens.com,"Mapping Technician",gray,1998-02-12,moen.ronny@yahoo.com,V?UYzH7G
47dda7b4-6feb-39bc-b026-616d4570992f,Dr.,Raphaelle,Upton,"21 Harvey Bridge","Mosciski Lakes",Baybay,Alabama,Romania,818-903-748,023-540-867,Shanahan-Abernathy,sauer.com,"Fence Erector",blue,1978-12-25,jaylon.cronin@yahoo.com,U8+3N8Fqh}M;Xh`;4
6d796b42-ed25-396c-bdff-be06c49093c1,Prof.,Ike,Leuschke,"75A Strosin River Apt. 525","Schaefer Run",Mabalacat,California,Luxembourg,162-925-547,371-337-716,Lindgren-Stoltenberg,bauch.org,"Insurance Claims Clerk",olive,1999-05-31,eleanora86@erdman.info,6H?`6;lH{=
66faf1f3-90c7-378c-9afa-30fff42c9dcd,Dr.,Ryleigh,Jakubowski,"21 Vandervort Neck","Moore Highway",Tagaytay,Delaware,"South Africa",904-822-565,340-400-174,"Barton Inc",kiehn.com,"Segmental Paver",yellow,1974-11-18,dedric.huels@gmail.com,W:2Aruo@!1S
8bbc362a-f801-35fc-bab9-27bdeb92d96d,Prof.,Amaya,Senger,"21 Emmerich Squares","Kassulke Drives",Bacolod,"New York",Latvia,295-937-728,408-054-776,"Maggio LLC",heller.biz,"Outdoor Power Equipment Mechanic",blue,1984-04-02,frobel@stokes.com,(mH|?{>4e&}v
5b9c09ff-c746-3563-a879-9140195052de,Dr.,Ila,Jaskolski,"59A Smith Streets Apt. 486","Dooley Ports",Olongapo,Maryland,"Solomon Islands",702-051-631,342-344-340,"Upton Inc",johnston.org,"Credit Checker",teal,1982-10-17,rodger01@gmail.com,uu3JJ>p2G<c?qZg`0
50702e84-bd31-330b-b242-90a05657194d,Mrs.,Jerome,Wilkinson,"91/92 Schmeler Island","Nicolas Cove",Muñoz,Michigan,Pakistan,677-027-361,881-418-288,Weimann-Gaylord,vandervort.net,"Radar Technician",fuchsia,2009-08-13,fadel.toby@maggio.com,($d6mPN(`-K6B}M
b39e1922-7c8c-303d-a2d3-d315224e05b5,Mr.,Leonor,McLaughlin,"90/58 Zboncak Mill Apt. 538","Wolff Well",Bago,Connecticut,Austria,087-579-800,226-895-306,"Borer PLC",watsica.com,"Well and Core Drill Operator",yellow,2023-09-17,casimir.deckow@von.com,^u8}'{nTl''<$Om
6522c53a-fc0f-3799-8bee-824995090a9b,Ms.,Lula,Volkman,"71 Stamm Heights Suite 081","Schneider Glens",Antipolo,Kansas,Tajikistan,440-351-281,752-748-069,"Doyle Inc",gutkowski.com,"Account Manager",green,2010-12-25,larue71@yahoo.com,=gj~98
6e07f3e6-06c7-3275-82a4-37e964d2b1da,Dr.,Anastasia,Koelpin,"36/84 Simonis Park Apt. 847","Willms Throughway","Sorsogon City",Pennsylvania,"South Africa",422-450-876,905-540-976,Reilly-Larson,farrell.com,"Board Of Directors",yellow,2015-07-04,petra.rolfson@rolfson.com,FK'Lb}$[a|yY>_!h])]}
d8b85648-476e-3db6-b873-5d802c719202,Dr.,Graham,Jacobi,"49A/87 Sporer Loaf","Murray Hills","San Pedro","District of Columbia",Indonesia,982-163-387,451-778-704,"Herman, Little and Quigley",barton.com,"Zoologists OR Wildlife Biologist",fuchsia,2008-03-04,deja.mayert@effertz.com,"AOa|vy(2\eH0[r]?RB"
5cb67f3d-ccbb-39ba-bb06-a9b0a3683d8a,Mrs.,Demetrius,Denesik,"46/43 Mitchell Fall","Rempel Island",Taguig,"West Virginia","Puerto Rico",817-926-192,756-650-095,Dickinson-Waelchi,corkery.com,"Metal Worker",purple,2002-05-12,harber.carolanne@hotmail.com,HFRU'Anu5G
bf90d666-ceb0-3409-aafa-f25a41cc01fb,Mr.,Wade,Heller,"77 Weimann Island","Christiansen Knoll",Dapitan,"New Hampshire",Indonesia,543-840-556,715-716-444,Rolfson-Barrows,hane.com,"Drywall Installer",black,2005-03-28,gsawayn@grady.com,"j4bt}r,JS.Y"
2674a5b5-e95a-3e26-aec3-ad090f24617c,Dr.,Lucy,Fritsch,"66A/85 Swift Parkway Apt. 994","Wisoky Drive","La Carlota",Oklahoma,Botswana,739-578-219,569-253-741,"Kunze PLC",larkin.com,"Instrument Sales Representative",blue,1989-07-05,connelly.reid@hotmail.com,uqkTVx/Jyls)AMXi~oI
2df3e306-d2e7-3314-88bd-6c76f8dcabf2,Dr.,Abelardo,Mayer,"42 Jast Flats Apt. 881","Kessler Hill",Vigan,Maryland,Mozambique,057-468-637,906-863-077,"Abbott, Kozey and Hand",gutkowski.com,Recruiter,aqua,2019-11-30,plindgren@hotmail.com,"Hn_n*PH(@Zn(""J"
0831d985-fe1e-3dff-9fa0-5673edc3fe6a,Ms.,Ward,Marquardt,"98/82 Pagac Valleys","Swift Hollow",Urdaneta,Michigan,Niger,794-024-375,395-841-218,"Strosin, Runolfsson and Waelchi",mcclure.com,"Molding Machine Operator",lime,1994-10-04,ford23@hotmail.com,b/>o@88Ug<
e92386a1-54cc-3811-a952-052add775c4b,Ms.,Solon,Blick,"27A Hermiston Mountains","Ledner Throughway",Calapan,Wisconsin,Mauritania,718-874-995,862-483-869,Borer-Beahan,cummings.com,"Dental Hygienist",purple,2002-02-05,sshanahan@gmail.com,"""wOx3im_w4RR`d"
3b5332fb-e4f3-3e87-bbb9-ad317180cecd,Ms.,Jovanny,Dicki,"85A/95 Green View","Adams Way",Iligan,Alaska,Senegal,921-643-203,079-600-287,"Halvorson LLC",okeefe.com,"Communication Equipment Repairer",aqua,2021-09-01,camden99@ebert.com,1y@0h6f1p[o
68efd937-1f8f-3578-81a1-7ded8df49506,Prof.,Judy,Runte,"51 Weber Locks","Windler Junction",Pasay,Pennsylvania,Congo,698-331-012,076-883-653,"Grimes and Sons",kilback.com,"Commercial and Industrial Designer",silver,2004-07-23,khowe@aufderhar.com,`g?}zr'S00hg
478146ee-e321-37b1-89e4-2ffbf5a15db0,Prof.,Nora,Spinka,"16/86 Christiansen Keys","Barton Passage",Naga,"New Mexico",Cambodia,423-171-747,604-415-937,"Jacobi, Mitchell and Barrows",hammes.biz,"Reporters OR Correspondent",maroon,1992-05-05,douglas.fabian@hackett.com,"0K-vvZ""3>TA`v|"
c92bec5e-5d19-3177-9fc3-5e9aff3a95c2,Dr.,Freda,Mertz,"21A/67 Jerde Drive","Morissette Springs",Dapitan,Vermont,"United Arab Emirates",815-830-246,433-145-444,"Gorczany PLC",swaniawski.com,"Woodworking Machine Operator",olive,2023-08-17,johnson.brett@gmail.com,9$_f?U|wK
39dfc861-8193-3fa2-b27a-e6517a027276,Prof.,Dayna,Carroll,"51A/50 Johnson Haven Suite 357","Pollich Hollow",Mandaluyong,"New Mexico",Kiribati,435-650-715,544-311-547,"Wehner, Hilpert and Johns",farrell.com,"Chemical Equipment Operator",blue,2011-05-22,milan.bode@koelpin.org,"c^q?jOu/g,"
1e307934-e491-34c3-89a3-c782dd4b4e38,Miss,Viva,Lakin,"90A Erdman Key","Pagac Plains","San Fernando",Massachusetts,Ethiopia,330-254-016,849-043-665,"Block, Auer and DuBuque",waters.com,Carpenter,silver,1974-09-22,rickey.braun@gmail.com,zFpCh'}1Bl
8f73baac-2a52-3dd5-bc04-a2c39c2ed0b7,Dr.,Angie,Franecki,"62A/03 Prohaska Lakes Suite 070","Gerhold Haven",Imus,Missouri,"Cayman Islands",665-242-560,775-050-222,Strosin-Lehner,mante.com,"Industrial Safety Engineer",teal,2008-11-11,stanton.pink@yahoo.com,X!Ha*O+UE!
8ee3ab4c-0087-3eb3-99ff-49339d1a4939,Prof.,Brendan,Cruickshank,"99A/95 Wisoky Streets Apt. 516","Miller Parks",Calapan,Washington,Jersey,950-022-862,694-647-423,"Connelly, Nicolas and Russel",friesen.biz,Statistician,maroon,1997-10-12,vandervort.otilia@hotmail.com,;XPzRv8U`F7#>f@@yat
cdcdd2f5-a65f-31e3-8b42-5f16979f290d,Prof.,Johnny,Buckridge,"38 Denesik Inlet","Bradtke Loop",Roxas,Virginia,"Cocos (Keeling) Islands",022-350-713,824-430-682,Monahan-Cummerata,stanton.com,Cook,fuchsia,1976-11-20,jordane.graham@mills.info,T06Offq^fy
876e5ef4-8ac1-33d3-8328-80222fbceea8,Dr.,Alta,Lubowitz,"54 Huels Cove","Osinski Branch",Tagaytay,Hawaii,Yemen,246-555-158,823-496-251,"Nienow, Schimmel and Emmerich",corkery.com,"Brokerage Clerk",blue,2003-04-12,brent.daniel@glover.com,"m,kRPm>JYX%XaH"
7bb9fa38-1970-38ff-b483-c2b0b16afaaf,Prof.,Janet,Emard,"98A Stracke Skyway","Bechtelar Shores",Makati,"North Carolina",Belgium,269-200-806,008-408-636,"Kunde, Berge and Tromp",nader.com,"Business Operations Specialist",aqua,2014-05-12,ookon@yahoo.com,"8?O!|(""bGkA"
255ec8ef-c5d0-3760-8c26-fdb084bf553c,Dr.,Angelita,Hegmann,"79/98 Rippin Hills Apt. 499","Keebler Bypass","Puerto Princesa",Missouri,"Bouvet Island (Bouvetoya)",035-621-754,277-237-517,Collier-Abbott,schuppe.com,"Private Sector Executive",black,2020-05-03,zelma.pouros@schmitt.com,Mjfdaqez[7P)
f2d9ae7a-d55a-31ff-b221-6799df44a1d3,Prof.,Vilma,Crona,"70/66 Baumbach Gardens Suite 161","Conn Tunnel",Mandaue,Michigan,"Heard Island and McDonald Islands",167-549-248,096-303-002,"Hessel, Kunde and Daugherty",koepp.com,"Procurement Clerk",lime,2006-03-24,eheidenreich@yahoo.com,">W\Uzk,l=5(yu7$se"""
081bcac8-5d2d-3771-acef-5728e2b3d922,Prof.,Oda,Kuhlman,"51/15 Bruen Pines","Reilly Mews",Toledo,Indiana,"San Marino",542-966-720,001-017-898,Frami-Halvorson,lebsack.com,"Insurance Policy Processing Clerk",yellow,1993-08-05,mhaley@gmail.com,",Pmh1nhI"
c9104ac3-156e-3d9f-a86a-d1ed43f14740,Dr.,Paul,Wisozk,"71A/57 Funk Light","Schamberger Ramp",Roxas,Oregon,"Faroe Islands",083-955-705,631-460-127,Lubowitz-Beahan,kub.com,"Gas Pumping Station Operator",green,2019-04-23,kimberly.littel@grant.com,"?`-""9ge2g"
2c3aa073-dfde-3bac-9152-fc7b036b869e,Miss,Sylvia,Koch,"54 Mayer Lane","Murray Inlet","Surigao City",Texas,Liberia,557-490-574,941-768-829,"Satterfield, Ortiz and Weber",reynolds.com,"Director Of Marketing",aqua,1979-12-03,kjast@shanahan.com,"u!A.cX\6t32FwYL"
8d157b0b-8bab-3b62-88e0-f8def0a99dd4,Dr.,Maxime,Bruen,"78 Stoltenberg Rest","Spencer Crescent",Danao,Pennsylvania,"Syrian Arab Republic",261-983-152,747-203-525,"Krajcik Ltd",feeney.org,"Tree Trimmer",yellow,2016-07-27,florence14@yost.com,8MM:&T&
8aa09b0e-f124-395a-857f-0fccaf249ae3,Dr.,Kiara,Goodwin,"45A/64 Purdy Valley","Ankunding Overpass",Koronadal,Texas,Estonia,538-619-924,903-024-513,"Rath PLC",hilpert.info,"Agricultural Manager",yellow,2007-09-13,rippin.joyce@hotmail.com,AEfwud@&HIH)va}A*x$
e507def0-152d-3d22-9d4a-d80e8411ebe2,Mr.,Karelle,Hayes,"71A Bins Park","Schinner River",Lapu-Lapu,Nevada,Armenia,142-721-665,998-320-209,"Deckow, Larkin and Keebler",heidenreich.net,"Agricultural Inspector",yellow,2013-07-10,trisha.cormier@torp.com,N>ynPKS8Q~
29ee9c1f-da2f-3d34-aade-0cb75530a92d,Mr.,Jackie,Grant,"10 Kulas Pines Apt. 218","Schimmel Station","San Jose",Colorado,Thailand,096-598-890,053-832-841,Jenkins-Reinger,jaskolski.com,Anesthesiologist,green,1994-04-25,estelle30@yahoo.com,$^Zsh/jBu[~
30e8749d-2d34-359b-a916-146cec83b650,Prof.,Mitchel,Ankunding,"66A/66 Wehner Turnpike","Rippin Flat","Iloilo City","North Carolina",Somalia,783-863-701,656-051-263,"Rempel, Murphy and Sipes",connelly.org,"Food Tobacco Roasting",fuchsia,2001-02-13,dkuhic@gmail.com,"Ek8I[u}""KT"
36256de7-e9d5-35f6-97b0-b4158488c114,Prof.,Nils,Lueilwitz,"18A Schulist Parkways","Stark Trace","El Salvador",Illinois,"El Salvador",672-185-122,666-743-449,Wolf-Stanton,kertzmann.com,"Aircraft Structure Assemblers",fuchsia,1975-09-16,anais.schneider@bernhard.net,u;^CnPvjm57}f0-:
74a9751d-af1b-31b3-9c1d-1459dbf2926c,Prof.,Riley,Hill,"14/57 Rutherford Tunnel Suite 343","Erdman Cove",Legazpi,"Rhode Island",Montserrat,438-435-717,251-741-140,"Ziemann LLC",brakus.biz,"Electronics Engineer",blue,2013-04-05,shea.wiza@hotmail.com,"4W=1excdL""diU@r9qk9e"
91335108-64f1-3a85-a3fa-5def69f3f7da,Prof.,Heber,Lind,"35 Adams Glens Suite 616","Balistreri Row",Bayawan,Florida,Guadeloupe,627-195-066,546-112-578,Hackett-Wiza,botsford.com,Professor,aqua,1974-12-16,considine.rolando@rowe.com,$oLg2+4MG5>/o
f663f926-e167-3813-a81f-b2a39864ca7a,Prof.,Vito,Graham,"20 Gusikowski Falls","Johnston Estates",Gapan,Oregon,Guyana,146-635-493,083-737-724,"Lueilwitz, Sawayn and Homenick",muller.com,"Plumber OR Pipefitter OR Steamfitter",silver,1991-06-18,joshuah.schumm@yahoo.com,[Llt}(yE2AnT>_
a9f8256a-2700-360f-a272-37dd47f10101,Mr.,Erin,Cormier,"62/14 Reynolds Point Suite 209","Anderson Walks",Laoag,Utah,"Saudi Arabia",092-455-202,277-107-789,Buckridge-Hansen,ortiz.com,Audiologist,maroon,2016-12-13,ywilderman@gmail.com,TlSS(>BCKDMP
7fc23c65-5704-32f1-841c-08eba9bc3a65,Dr.,Sienna,Schuster,"68A Dach Spur","Tillman Mills",Bislig,Colorado,"Christmas Island",126-017-803,515-206-019,"Prohaska, Mueller and Cremin",hansen.net,"Library Worker",teal,1982-05-17,kihn.vivienne@kozey.com,DhhMXXU
ba2e3235-4a50-3cb0-a257-d87f908ce9b5,Prof.,Bennett,Mraz,"56A Miller Ferry Apt. 523","Hamill Rest",Tayabas,Tennessee,Cambodia,889-990-584,274-151-688,"Swaniawski Group",von.net,"Information Systems Manager",green,2001-02-22,wgrady@gmail.com,"2/=@PjL+lnl""'}("
481dd366-c9cd-3c1c-99f3-1c9973c041ae,Dr.,Zane,Cassin,"63/81 Glover Views","Aufderhar Unions","Batangas City",Mississippi,"Saint Barthelemy",410-433-851,146-138-322,Armstrong-Wunsch,douglas.org,Manicurists,maroon,2023-04-16,amira.beatty@haag.org,"]xD]z.>""cx'W"
405e6832-0532-3e84-a6be-f33fbb86a20a,Mr.,Americo,Carter,"35A/82 Hilpert Cape","McGlynn Turnpike","El Salvador",Connecticut,Zimbabwe,937-361-725,323-006-449,"Lind, Bartoletti and Spencer",kshlerin.info,"Supervisor of Police",black,1983-07-13,myles35@gmail.com,pHsJckT}Y9FG*8-w!g
9e350097-4fb0-35b3-b55a-730ff7d556d6,Dr.,Damaris,Spencer,"15/84 Lubowitz Unions","Schaefer Island",Muntinlupa,Wyoming,Martinique,822-852-716,178-805-612,Dickinson-Breitenberg,mclaughlin.info,"Chemical Equipment Controller",green,2020-01-30,aurelia28@schamberger.info,D%q}UE.jk!
3da77ec9-c33c-364d-b209-9681b1cb213e,Prof.,Dejuan,Parker,"29 Fadel Ranch","Halvorson Manors",Borongan,Missouri,Malawi,147-529-057,825-618-513,"Beier, Corwin and Waters",nikolaus.net,"Network Systems Analyst",silver,1981-06-18,zgrimes@mraz.info,.LII0Oe/z
86aae81e-3815-3bd1-b180-47bdcb18c774,Dr.,Federico,Quigley,"12A/42 Gibson Ferry","Gibson Ridges",Pasig,Maryland,Mauritania,294-887-597,770-734-007,Strosin-Koelpin,beahan.info,"Fire Inspector",lime,1971-05-23,elenora.reilly@yahoo.com,"QTH""Z+j0h'5N`DGx"
9b321124-0824-35ff-a036-0f9a3fe69803,Mr.,Jamel,Bahringer,"35/40 Morissette Court","Durgan Glens",Malolos,"New Hampshire","Heard Island and McDonald Islands",328-203-211,608-199-619,"Cummings, Cassin and Moore",hirthe.com,"Nuclear Monitoring Technician",green,1999-01-10,sincere60@auer.com,"u2<soVsk~F}4QC,Oj|"
a6503b97-a3ee-3827-b3d9-19d315388a2e,Mr.,Aliya,Klocko,"17A Shields Keys","Kunze Tunnel","Zamboanga City",Delaware,Iraq,396-375-720,589-747-124,"Schmitt, Leannon and Thiel",keeling.net,"Caption Writer",fuchsia,2021-03-18,mariane.harber@hodkiewicz.com,uqf`mv_-rS2whtq-<
eaee2a77-5869-3fbf-b5c1-9edbf6c884c9,Prof.,Kaycee,Sauer,"46 Gulgowski Points Apt. 679","Kuphal Valleys",Ligao,Hawaii,Eritrea,006-426-958,412-361-961,"Barton, Blanda and Yundt",schroeder.com,Detective,white,2006-11-07,jmonahan@gmail.com,"py*3;DCK:Y/,j(T"
cde39968-d4f7-3356-b77b-514da271f79d,Dr.,Eden,O'Keefe,"52A King Ford Suite 781","Kemmer Drive",Mandaue,Utah,"Lao People's Democratic Republic",935-672-782,686-732-715,"Wisoky, Homenick and Vandervort",ryan.com,Sculptor,silver,2002-08-12,morissette.jay@yahoo.com,<P#e38Y4Rz4E=yZygi*
d07af2dc-33ba-3cd4-86d2-8b85f9013145,Mr.,Malcolm,Jakubowski,"22 Gutkowski Union Apt. 656","Daniel Streets",Naga,"New Mexico","Saint Vincent and the Grenadines",286-602-755,036-961-410,"Wolf, Mitchell and Wisoky",wuckert.com,Actor,teal,1989-10-29,jodie70@yahoo.com,&<]^|>dq:</J3)0V6a
c34a4495-1bd6-3b07-925f-4592741b1e88,Dr.,Willis,Kemmer,"69/29 Schaefer Wells Suite 783","Kuhlman Turnpike",Kabankalan,Maine,Panama,597-589-337,454-925-480,Mueller-Roberts,collier.org,"Data Processing Equipment Repairer",blue,2022-10-04,howell87@schmeler.com,"T.tR/5}ot,_yUIH"
9a19bf33-7755-3450-8705-d0d425c56f8b,Dr.,Tristian,Dibbert,"71A/77 Walker Alley","Green Square",Dasmariñas,"North Dakota",Mauritius,665-422-481,335-011-444,"Ward and Sons",cole.info,"Interpreter OR Translator",black,1982-08-25,sborer@moore.com,"PJ3|$mD\3\W'M+8<vC"
0e72be60-5484-33b4-b7af-26a04553bd39,Dr.,Roberto,Berge,"65/97 Weimann Gateway","Huels River",Butuan,Ohio,Haiti,963-034-899,860-998-773,"Parisian Ltd",nolan.biz,"Personal Financial Advisor",yellow,1989-08-12,dovie.hill@gmail.com,>&y2YpC:#L
ef7d9292-e66e-30bc-a882-f2d513077fb5,Dr.,Bridgette,Wiza,"83 Jaskolski Village Apt. 115","Hilpert Canyon",Danao,Utah,Philippines,536-758-489,797-077-116,Satterfield-Nikolaus,waelchi.com,"Claims Taker",olive,2006-06-25,raina.kuhn@feeney.net,"V3P""<~_=p!c\q-Bh4eR,"
f4edf9ec-be3b-39ac-9451-673f05682d9c,Dr.,Isabell,Ziemann,"53/21 Douglas Lock","Thompson Station",Parañaque,Minnesota,Bulgaria,741-988-820,964-532-825,"Howe Ltd",cronin.org,"Washing Equipment Operator",maroon,2007-06-30,wyundt@hintz.com,"7`kDP\8bpZ~Gn"
2573edf7-61b9-34f3-aec3-27bf8213d13b,Mr.,Reinhold,Corkery,"23 Stanton Summit","Roob Courts","Quezon City",Maine,Martinique,046-720-792,145-753-828,"Thompson, O'Conner and Schulist",champlin.com,"Massage Therapist",gray,2023-11-24,avis.murazik@gmail.com,?d7t*j3KGr^/@.
1349d6d9-367a-36ca-b8b5-3cb79295f61a,Dr.,Roberto,Hirthe,"25 Quitzon Mount","Adams Trail","Davao City",Virginia,Comoros,344-657-973,679-308-623,Ryan-Bradtke,oreilly.info,"Data Processing Equipment Repairer",fuchsia,1972-08-05,kuhlman.rafaela@rowe.net,kRCp/E/S-?9t
8966520f-765e-317c-b80e-9bf80a7c952d,Dr.,Bernice,Dickinson,"15/98 Nitzsche Passage","Collins Crest",Tayabas,Nevada,"Falkland Islands (Malvinas)",171-663-335,460-218-018,"O'Conner LLC",hettinger.biz,"Craft Artist",black,2012-05-04,boyle.bridgette@keebler.net,wp!;0/AagRooIbq
fdfada5e-d082-33ab-a92a-f40b50631da7,Prof.,Dena,Schaefer,"78A/46 Stark Dam","Robel Wall",Isabela,Arizona,Martinique,683-682-217,183-311-800,"Hessel Inc",ritchie.com,"Occupational Therapist",green,2007-05-26,gzulauf@yahoo.com,oyLKy;
443d1bab-d824-3c2c-acb5-6321a4f98445,Prof.,Kaleb,Waters,"55A Simonis Highway Apt. 796","Morissette Tunnel","Quezon City",Wyoming,Guadeloupe,757-031-666,531-310-645,Oberbrunner-Denesik,hansen.com,Economist,lime,2005-10-01,skutch@gmail.com,mHcN(gw!eB_SeOj
fd3ec55a-59f5-357f-813c-7d1d3da67e7f,Mr.,Hailey,Hansen,"30/97 Lowe Dam Apt. 407","Schowalter Ferry",Malabon,Nebraska,Dominica,254-878-831,811-970-098,Wolff-Anderson,veum.com,"Prepress Technician",teal,2022-11-30,raynor.syble@ratke.com,"ptWY""??#Jxnyp48"
a3fcc996-6b87-35df-bb40-b38cb985be95,Prof.,Willy,Carter,"93 Feeney Via","Fritsch Spring",Roxas,Hawaii,Malaysia,404-770-654,476-219-394,"Armstrong, Gulgowski and Hudson",pfannerstill.biz,"Automotive Glass Installers",olive,1973-04-20,gaston25@schuppe.com,61;@c''rep!Plwp3P
eeea16fb-1273-33f2-8abf-eae209d03179,Dr.,Jana,Marks,"27 Monahan Roads Apt. 676","Swaniawski Hill",Bacoor,Maryland,Somalia,540-650-800,978-298-197,"Heller, Franecki and Cole",doyle.org,"Preschool Education Administrators",olive,1996-01-31,stanton.janis@yahoo.com,"mr(1Qb9""=1VWo;@bG|"
956fc7cd-59a7-358c-a198-ffe71a20bf78,Mr.,Jade,Sanford,"78A Howe Knoll Apt. 700","Bauch Square",Angeles,"District of Columbia",Nigeria,858-040-718,554-809-589,Kuphal-Parker,smith.biz,"Claims Taker",fuchsia,1989-03-27,lowe.ebony@rogahn.com,U-b@mFJi4e*
e2ba7a65-d693-3fbd-a985-e98c36210d3b,Ms.,Kane,Nikolaus,"86 Bogisich Junction Suite 322","Moore Drives",Valencia,Maryland,Uzbekistan,728-034-354,308-947-444,Mosciski-Bogisich,lueilwitz.org,"Manufactured Building Installer",aqua,2023-12-30,abernathy.ettie@hotmail.com,/*Z#E8B0
35269e83-8536-3a0a-854c-f0b94b0aa01e,Dr.,Stanton,O'Conner,"10/27 Reynolds Crossing","Muller Hills",Pagadian,Pennsylvania,Venezuela,916-568-271,242-560-413,Price-Nitzsche,wolf.org,Cashier,purple,2016-06-24,rory95@block.com,an5yv9hPL6a:
782cfa7d-7db5-3bf9-87d6-0df4416f49e4,Mr.,Santos,Blick,"84A Gutkowski Mountains Apt. 033","Mraz Center",Bayugan,"South Carolina",Argentina,694-637-486,581-379-008,Zieme-Schumm,cartwright.biz,"Materials Scientist",lime,2010-01-28,streich.alena@batz.com,'up|Y^?[a`weQ)nU&W
1f9a4106-4aec-3b71-b5ee-ebb1a16e3d07,Dr.,Frederick,Rodriguez,"13 Monahan Cliff Suite 060","Shanahan Freeway",Talisay,"New Hampshire",Sweden,115-808-947,838-086-761,"O'Kon and Sons",ritchie.org,"Transit Police OR Railroad Police",silver,2020-11-28,amari66@hudson.info,TYBwot&afgQs
b6de7299-72b1-3d31-a1ec-a18e12347bd5,Dr.,Kayli,Jones,"33/13 Hartmann Land","White Land",Lamitan,"New York",Guinea-Bissau,237-251-105,260-237-246,Windler-Raynor,white.com,"Staff Psychologist",white,2001-11-29,elyse47@ernser.net,Afa$H0gi3
8ad549ca-442b-398e-988d-507da09e85fc,Prof.,Walter,Kohler,"98A/99 Will Spring","Tillman Glen",Bacoor,Mississippi,"British Virgin Islands",839-407-888,973-203-366,Murray-Botsford,altenwerth.com,"Photographic Processing Machine Operator",aqua,1986-04-13,anastacio.brown@gmail.com,_JV|A'8b5[>y{mIp
311d06a4-26ae-34e9-85f0-83dd9445514b,Dr.,Lavonne,Feil,"57/40 Ratke Key Suite 153","Greenfelder Drive",Bago,Alaska,Brazil,901-199-794,184-241-447,"Morissette, Strosin and Haley",weissnat.com,"Physician Assistant",fuchsia,2007-03-12,beth83@yahoo.com,g;%IL8[kQ.
2df97a19-991d-3809-b8b0-68859fef2561,Ms.,Lina,Thiel,"66A Ledner Plains","Shanahan Trafficway",Mandaluyong,Connecticut,Taiwan,888-959-345,948-068-580,"Hills LLC",nikolaus.com,"Legal Secretary",fuchsia,1984-11-02,haleigh.beier@pouros.com,tyjn$ux
fd013607-5d2b-3c66-b122-ce98d5cc918f,Mr.,Mack,Collins,"34/66 Huels Falls Suite 774","Jast Forges",Bago,Ohio,"Solomon Islands",324-409-752,896-018-666,"Rosenbaum Group",gottlieb.biz,"Photoengraving Machine Operator",teal,2006-07-11,dejah.hettinger@gmail.com,c*OfNr02+18bkR(
91a62830-989e-38cb-bc36-596d9b39f5bc,Prof.,Hoyt,Wisozk,"72A/43 Effertz Oval","Heller Crossroad",Pagadian,Washington,Barbados,799-445-713,239-270-424,Jast-Schulist,dubuque.com,Auditor,white,1986-12-17,hector03@mckenzie.com,"9ex&uKgl""{j,>QT0"
2b48a063-0cad-34ab-ba50-b515760e0a40,Mr.,Destin,Wolf,"99A Barton Highway Apt. 729","Thiel Shoals",Ligao,"New Hampshire",Greece,072-791-897,344-566-046,Sawayn-Braun,powlowski.com,"Gas Pumping Station Operator",maroon,2009-11-03,jbogisich@reinger.com,aZ&i^SqC%+gXw$>
d8a38fd5-6174-32ac-8d83-d96d0f51d05a,Prof.,Thaddeus,Bode,"67/58 Hirthe Port","Toy Valleys",Gapan,Florida,Congo,648-692-865,439-405-879,"Funk and Sons",okuneva.com,"Ship Engineer",green,2022-09-21,tristian.renner@pollich.com,P{)75u}(``Y*b
33b19a7f-d3a9-3a9c-9abf-d7038c81e129,Mr.,Ernie,Murazik,"18 Beatty Glens","Towne Underpass",Digos,"Rhode Island",Argentina,973-463-707,749-854-300,Weber-Kiehn,macejkovic.com,Mathematician,purple,2014-07-30,mreichel@shields.com,"d@l+y%Kl5J,c\c"
a30f68e7-b857-361e-89bd-8c084520a85b,Mr.,Gus,Mayer,"11 Marvin Viaduct","Jacobi Plain",Antipolo,Tennessee,Mexico,729-014-650,613-900-553,"Berge Inc",kutch.com,"Medical Secretary",fuchsia,2009-03-10,spencer.katheryn@harvey.com,3L^)RWHhMJlt
f77a2f5a-f54d-36ed-a9a5-0b5bab88c821,Dr.,Petra,Aufderhar,"58A Hyatt Lane Suite 796","Morissette Spur","Iloilo City",Illinois,Ecuador,616-682-653,586-111-859,Lang-Crona,kling.com,Government,white,1986-04-16,daphney21@kunde.net,"NvwDh'""U9"
140ca444-8039-3458-8229-3a5d4904d01f,Prof.,Toby,Buckridge,"99A Boehm Lodge","Hauck Glens","La Carlota",Oregon,Switzerland,979-204-555,395-921-410,Quitzon-Hills,cummings.com,"Metal Worker",white,2003-10-17,qdavis@considine.biz,(ck.B{+.H
a5862541-786d-30d5-a757-27a8ce7b04e5,Prof.,Tyshawn,Cartwright,"10A/47 Kihn Shoal Apt. 745","Rogahn Union",Bacoor,Wisconsin,"Cape Verde",073-395-162,780-184-658,Larson-Prosacco,bernier.com,Nutritionist,navy,1989-01-08,brown.roberts@hotmail.com,"k;}K\-$j{aqbqJvz%ft"
093b78bc-978f-320b-aa47-1d46174b7236,Mr.,Idell,Schimmel,"38/84 Beahan Rue","Rodriguez Courts",Sagay,"District of Columbia",Iran,362-713-845,104-559-698,"Feest, Jones and Hagenes",corkery.org,"Compensation and Benefits Manager",olive,2004-06-26,kirstin.oconner@pacocha.com,"Libs1\g?iWZ_|-"
f3c8b966-fd14-39c5-b617-63dd62480ca6,Prof.,Jaeden,Reinger,"98A/83 Hettinger Freeway","Stanton Lake","San Jose",Illinois,"Papua New Guinea",654-962-461,171-727-413,"Johns Group",ohara.com,Sociologist,aqua,1976-12-02,dveum@brakus.info,Vl49<t|Wk}T
4c1d1353-9d18-3cb6-bb5d-e87c9a2b83de,Miss,Arno,Rau,"74/24 Schinner Glen Apt. 780","Breitenberg Manor","Santa Rosa","District of Columbia",Thailand,401-801-817,430-339-062,Hermann-Huel,anderson.info,"Visual Designer",olive,1975-10-15,justice75@yahoo.com,r7EY2-BoN{n4B
9269389e-12d1-3951-9d97-af8c5dfdd4a7,Mr.,Romaine,Walter,"99/69 Paucek Key","Dickinson Bypass",Urdaneta,Hawaii,"United Arab Emirates",999-536-690,016-575-546,"Barton, Smitham and Friesen",cummerata.info,"Library Worker",teal,1985-04-11,justice75@hegmann.com,alXOS&t_t'.
fe434e58-bf0b-3d9b-8793-772562f709fb,Mr.,Zion,Leannon,"39 Quitzon Loop Apt. 024","Smith Roads",Valencia,Louisiana,"Russian Federation",333-931-874,573-914-630,"Greenholt PLC",considine.net,"Dental Laboratory Technician",gray,2005-08-06,brett.hartmann@gmail.com,6XIJq*M]icY?c
dd6b1c84-82dc-37b6-8dd7-e4b99a1f82eb,Mr.,Emmet,Howe,"30A McGlynn Trail Suite 195","Walter Villages",Iriga,"Rhode Island",Cuba,510-021-321,878-886-909,"Heidenreich, Blanda and Hirthe",hand.com,Sailor,yellow,1981-01-08,thiel.judd@huel.com,""";e%[,r"
93c80bf6-0ffd-36f9-9f29-64c28b798175,Dr.,Armani,Pfeffer,"15/38 Wiegand Ways","Kunde Locks",Makati,California,Switzerland,489-213-464,294-760-394,Yost-Dach,bogisich.com,"Health Educator",maroon,1977-09-18,alockman@yahoo.com,"'s-5$:t<"""
287ba069-b0bf-30c1-8f3a-e5fc2aa684d3,Dr.,Torrey,Reilly,"29/29 Marquardt Isle","Mills Ramp","Puerto Princesa","New Mexico",Kazakhstan,314-857-818,425-888-128,Mann-Swaniawski,blick.com,"Vending Machine Servicer",teal,1988-02-01,easter43@kiehn.biz,"#'.%y,0<cx=Df9GjLb"
48f76e6a-b322-3b1c-8c4d-26375223ad03,Prof.,Wyatt,Hilpert,"94 Kling Drive Suite 669","Dibbert Squares","El Salvador",Kentucky,Uganda,973-861-281,407-848-016,"Gerlach Group",miller.com,"Custom Tailor",lime,2014-01-27,mstark@hegmann.com,#U}qh)@i
f25abfbe-af0f-3336-a7c4-b6b2ad11bd3a,Miss,Zander,Hodkiewicz,"23/81 Hermann Unions Suite 820","Rempel Mills","Cebu City",Illinois,Tunisia,918-547-980,100-042-715,"Schaden LLC",kassulke.com,"Health Educator",purple,1976-05-15,schumm.leonel@davis.biz,:{CFSt|G':-&)q-Z
2bcdf989-11d8-3b28-aabd-f2ede3d9f365,Mr.,Fernando,Bauch,"56A Bashirian Pass Apt. 013","Blick Loop",Himamaylan,Illinois,"Antigua and Barbuda",755-345-534,077-729-610,Halvorson-Harber,stroman.org,"Pipe Fitter",fuchsia,1985-10-15,vita.wehner@hotmail.com,j'KC<&0QimIB)-{p2D
ddd07de3-948b-37ef-ad59-784f11137a8b,Ms.,Shany,Brakus,"98A Franecki Crest","Pouros Trail","Las Piñas",Alabama,China,522-856-501,349-670-451,"Mohr, Miller and Douglas",schultz.org,"Command Control Center Specialist",white,2005-07-01,kuhn.ramona@franecki.biz,|%M[Jy2tPqPC_I
bca48113-99d8-3b70-b682-6451b77a4cd4,Mr.,Parker,Kautzer,"50A Lesch Station Apt. 062","Metz Road","San Fernando",Minnesota,"United Arab Emirates",806-223-650,419-099-013,"Hand and Sons",lakin.com,"Political Scientist",silver,1980-10-08,ldietrich@krajcik.com,"8/dR5\^'5&SLn"
4da8e13a-8dee-38bc-a7ec-36a3fe5b8d84,Dr.,Houston,Will,"19 McCullough Corner Suite 299","Gleason Stream","Cebu City",Nebraska,"Kyrgyz Republic",038-841-442,092-924-378,Torp-Weimann,berge.biz,"Human Resources Manager",white,1998-03-15,stella21@kris.biz,"n4.|5'M|,MF"
0cdcc2a9-8747-3ae8-afce-62942eea1a97,Miss,Horacio,Swift,"54 Abshire Mission Suite 941","Toy Wall",Dasmariñas,Hawaii,Ethiopia,171-995-001,332-199-087,"Orn Group",witting.com,Usher,lime,2018-11-20,gmurphy@glover.com,m2usr6j+')(&pC
cba4756f-1533-39d9-a3e0-ee9015ec6d6d,Mr.,Melyssa,Carter,"13/34 Olson Crescent","Kirlin Bridge","Cavite City","New Jersey","Dominican Republic",638-621-581,468-235-350,"Heidenreich LLC",langworth.com,"Secondary School Teacher",green,2021-02-13,goldner.marley@parker.biz,KB^r4V7
f166d239-685d-3a1b-a5e8-9d3f9b6a3463,Mr.,Luther,Champlin,"16/74 Kessler Village","Vandervort Mews",Escalante,Minnesota,Zimbabwe,881-339-832,714-576-707,Klein-Harvey,dubuque.biz,"Fast Food Cook",aqua,1983-08-10,ismael.stanton@gmail.com,o]pvqVgk*~Rn:h
56d4b440-ac28-3825-8db8-f48ab86db623,Mr.,Anissa,Treutel,"25 Cormier Overpass","Labadie Rue",Naga,"West Virginia",Tokelau,066-091-704,585-374-183,"Rowe PLC",konopelski.org,"Motorcycle Mechanic",purple,2012-05-18,giuseppe24@yahoo.com,7f%Ywe{.B<xZJn.>
39278571-b2aa-35a8-8aae-fa22a97b7a02,Mr.,Waylon,Effertz,"91/43 Zboncak Avenue Apt. 897","Willms Flats",Butuan,Texas,Palau,247-263-561,421-833-095,"Koch Ltd",turner.com,"Petroleum Technician",green,2001-11-29,yundt.hudson@reinger.net,?z1R__2qmY;'0PyH_
5c1699fa-1a3e-3caa-bfe7-69309881119d,Ms.,Marcus,Douglas,"30A/96 Nicolas Keys Apt. 216","Sporer Walks",Ligao,Indiana,Guinea,193-459-213,917-931-894,Lueilwitz-Gerhold,ernser.org,"Control Valve Installer",aqua,2013-11-21,beahan.don@yahoo.com,"99<>\C'ecw>kU?4:&rh"
cea1da0c-0bcf-35db-9768-f113fecd8232,Dr.,Nyah,Jacobs,"93 Bayer Extension","Sipes Unions",Talisay,Tennessee,Bangladesh,997-703-017,448-939-432,Feest-Pfeffer,kohler.net,"Calibration Technician OR Instrumentation Technician",yellow,1977-07-04,haag.katrina@weimann.com,Ybzb^O2DF:BbD/9
fa8cb5ca-e15a-31f7-bb15-106638fa119b,Prof.,Kenyon,Roberts,"13A/58 Kris Neck Suite 283","Monahan Freeway",Silay,Arizona,"American Samoa",442-858-067,061-190-551,"Kub Ltd",bode.com,Astronomer,blue,2000-04-12,sigmund48@yahoo.com,4ck:gDa^g
e7cf9ca7-8627-378c-b41b-4f033013d1ef,Mr.,Evangeline,Trantow,"10A/36 Becker Road Suite 657","Kilback Pass","San Juan",Nevada,"Czech Republic",328-550-271,410-918-420,"Sporer, Ortiz and Leuschke",morissette.biz,"Environmental Science Technician",lime,2015-12-15,lacy.parisian@gmail.com,"H{d)Se""!Q|U7"
aedc4e3c-60e6-3947-bfb7-03d0e5cf88b4,Mrs.,Lew,Gerhold,"41 Parker Cove","Kuphal Lights",Victorias,California,Haiti,816-722-220,007-654-247,Hane-Hilpert,feil.com,"Plating Operator OR Coating Machine Operator",maroon,2003-03-24,jayda09@ebert.com,@M%FQf@1qwH^!1
5dacabbc-711c-36cd-8983-c5ab1b024b46,Dr.,Price,Aufderhar,"06A/45 Purdy Groves Suite 380","Considine Fields",Naga,Michigan,Kazakhstan,175-137-980,617-253-485,"Schaefer LLC",osinski.biz,"Director Of Marketing",fuchsia,2021-10-13,nitzsche.selmer@gmail.com,"!p[mBeq.R'!jSO&%=,xq"
a42561c5-3b81-3c5b-8ba7-16e4956a60b0,Ms.,Candace,Mraz,"09A Ruecker Roads","Nikolaus Path",Dagupan,Florida,"Trinidad and Tobago",652-058-570,603-013-908,"Ratke, Olson and Cruickshank",labadie.net,"Metal Fabricator",fuchsia,2008-01-27,klein.susanna@hotmail.com,]t`Fary75t!|=&T
5546b68a-8a84-354f-acfd-712082ec7020,Prof.,Newell,Baumbach,"22A Blanda Spurs","Runte Junction","La Carlota","New Mexico",Grenada,847-783-207,170-448-843,"Graham, Hilpert and Kilback",gaylord.com,"School Bus Driver",navy,2024-02-21,stroman.thad@gmail.com,oD4r--=XE|b/5H>%H
db620f50-f06d-3a40-9c6d-e1ed452caa85,Miss,Rodolfo,Moen,"41/34 Rice Route Suite 916","Feeney Turnpike",Cabuyao,Alabama,Bangladesh,137-485-246,616-044-885,Fisher-Zboncak,murazik.com,"Office Machine Operator",purple,2011-10-25,kassulke.antwan@hotmail.com,$5LY|vHGBba.m3Mg
58470e3d-2a46-3441-96f4-b36e022d7035,Mr.,Dasia,Stanton,"68 Kub Center Apt. 571","Stokes Ford",Toledo,Michigan,Paraguay,548-977-911,673-094-322,"Gulgowski Group",anderson.com,"Material Movers",teal,2000-03-19,swalker@yahoo.com,"Bn$9j3,8VINOf!"
1cb91891-c5e8-3054-97aa-69d2f0840388,Dr.,Ciara,Padberg,"81A Erdman Heights Apt. 264","Upton Overpass","Tarlac City",Maine,Moldova,194-290-960,502-041-314,"Kohler and Sons",howe.com,"Building Cleaning Worker",yellow,1981-06-14,jadon.bernhard@yahoo.com,"Gv;kqp2Nx]""7)T"
5b1d8e49-c646-3cdf-895a-f754977389fe,Mr.,Kaley,Kshlerin,"39/13 Wehner Mews Apt. 255","Cruickshank Crest",Gapan,"New Mexico",Senegal,318-104-715,438-441-121,Mueller-Powlowski,koelpin.info,"Algorithm Developer",teal,1976-08-16,hintz.janessa@nolan.com,"uZ3EL=hiA"""
bb1a0b04-4bdc-3e34-afa5-a89e115a457a,Ms.,Naomie,Crist,"66A Tremblay Run Apt. 080","Sipes Pines","Cotabato City","West Virginia","Sao Tome and Principe",020-565-886,570-154-028,Kautzer-Durgan,oconner.biz,"Receptionist and Information Clerk",fuchsia,1989-12-25,bcorwin@kunde.com,Z4FI~z]G}lSmTpI
1bc6ab31-6411-3546-9567-b8cc8d147047,Prof.,Jerald,Streich,"33A Collins Trail Apt. 902","Bergnaum Walks",Caloocan,"South Dakota",Italy,260-470-855,514-322-791,"Armstrong Ltd",spencer.info,"Forensic Investigator",gray,1973-08-05,tad25@heller.org,UmBW&L$KH%{V
a718652d-bc7e-386c-83b4-9965a68fd499,Dr.,Maya,Erdman,"75A Berge Neck","O'Keefe Estate",Batac,Kentucky,Liechtenstein,588-668-222,663-434-689,"Kilback PLC",davis.info,Surveyor,green,1999-01-11,edna.welch@yahoo.com,Wd:B2^ovZ1rM3
6107591d-f4b5-3fe2-8261-829da72e70d0,Dr.,Gaylord,Kunze,"27/90 Gislason Square","Bergstrom Islands","Cavite City","New Jersey","Sierra Leone",336-864-959,522-665-268,"Runte LLC",roberts.com,"Massage Therapist",lime,1996-08-26,pattie.rippin@wyman.com,"Uj~Xcw/,SU"
24a9c06d-a4ed-3920-9c79-763bd2a81a39,Mr.,Gerda,Kiehn,"96/69 Wyman Circles Suite 002","Stoltenberg Well",Ilagan,California,Belgium,752-738-645,422-649-590,"Olson Inc",harris.com,"Wellhead Pumper",purple,1987-11-07,adolfo83@ferry.com,1bJgnDJnt0r-zu;fM@?(
7b00ae29-307a-3389-949a-724bc880f273,Prof.,Aurelie,Grant,"51/37 Schoen Garden Suite 115","Gaylord Lane",Calbayog,Alaska,Latvia,765-809-887,598-120-308,Lang-Schumm,ohara.com,"Home Appliance Repairer",gray,2016-01-11,rempel.brandt@daugherty.com,hHU%Wv1WAy`zx
f60ea16a-9990-3127-b616-d3eedb73eaf7,Dr.,Ada,Stokes,"04A Graham Locks","Sanford Cliff",Imus,Oregon,Guatemala,597-468-961,451-248-572,"Keebler, Stehr and Nikolaus",simonis.com,"Utility Meter Reader",fuchsia,1973-08-10,trace19@kuhn.biz,"4uj\IYnHH"
542662fb-9310-3fa5-bdf5-f152330918ba,Dr.,Izaiah,Pfannerstill,"74 Beer Terrace","Stamm Turnpike",Ormoc,Colorado,Malta,150-628-848,636-506-038,Donnelly-Lesch,simonis.com,Drafter,yellow,2018-05-04,william54@borer.info,3$|@IX0(5txgBl2gE[c
67c515f0-e8c2-3bda-a743-afac6270681d,Mr.,Manuela,Kuphal,"68A/13 Schaefer Extensions Suite 883","Swift Way",Calbayog,Michigan,Guatemala,898-477-173,506-932-720,"Hirthe, Hill and Stoltenberg",schoen.com,"Insurance Sales Agent",black,1988-01-02,stracke.christa@maggio.com,"""R@>9[j>(xS=Jk"
00e93e33-b7ca-3a99-bf3c-6bd41c5d7cc8,Dr.,Viva,Hoeger,"93A/22 Gottlieb Groves","Stamm Island","Cebu City","New York",Turkmenistan,842-167-317,680-930-512,"Wisoky, Pagac and Grant",fay.com,"Plumber OR Pipefitter OR Steamfitter",purple,1972-10-23,kaylee02@yahoo.com,"QB;lAJw[C:K)lTU,>IS"
60d637d3-fb1b-3f03-8d09-32fb73e9f812,Mr.,Jayce,Howe,"97A/14 Marquardt Divide","Braun Springs",Maasin,Georgia,Timor-Leste,543-861-398,699-328-331,"Jacobson, Kozey and Kautzer",bogisich.com,"Agricultural Technician",lime,2013-02-28,oarmstrong@abernathy.net,4M*Ms;zTQe
a28df306-e637-3a95-9229-e8dffebf7018,Prof.,Gudrun,Paucek,"10A Stroman Locks Suite 687","Wintheiser Spur",Calamba,"New York",Iran,420-233-131,938-754-762,"Koss, Walsh and Casper",purdy.biz,"Social Scientists",teal,1999-04-11,vita06@jones.com,vU65;Q/_U8&J+
62f192a4-a86a-3fb2-b733-7738fd67df04,Prof.,May,Marks,"71 Heller Ways","Luettgen Plains",Marawi,Kentucky,Mongolia,851-715-681,884-110-509,"Armstrong Ltd",zulauf.com,"Visual Designer",olive,1974-08-21,khudson@mcclure.biz,P#lOwV!o
f233ee99-01ef-32dc-8543-ada927429be5,Miss,Carmelo,Eichmann,"12 Schmidt Common","Champlin Village","Surigao City",Washington,Anguilla,533-513-271,194-208-529,"Hagenes, Konopelski and Lemke",hoppe.com,"Plasterer OR Stucco Mason",navy,1974-04-15,fabbott@hane.com,]@:xB|N
9d4dbd39-27d5-37a2-b1a2-6b8424e511a8,Mrs.,Berenice,Howe,"82 Wunsch Path","Kuhlman Mountain","Cebu City",Wisconsin,Guinea-Bissau,357-030-996,330-842-684,"Crona LLC",nolan.biz,"Sales Manager",purple,1988-05-22,santa35@hotmail.com,Zn~wLE8p(V
b7893ed6-a010-3ffe-8632-f64dcb8f67ce,Dr.,Marcus,Zemlak,"34 Larson Drives Suite 999","Lockman Mount",Muñoz,Georgia,Mali,438-993-986,763-262-458,"McCullough Inc",oreilly.com,Astronomer,aqua,2007-02-28,ari52@hotmail.com,F50y7d-635}(?@r|ui|9
f06c621f-c873-3900-955f-ee88b97d3442,Mr.,Felicita,Rutherford,"32 Connelly Hill Suite 261","Hodkiewicz Stravenue",Passi,"New Mexico",Niue,279-904-488,508-975-346,"Windler, Herzog and Stanton",smitham.com,Obstetrician,teal,1985-07-15,lockman.lennie@rohan.net,"""T^li,J?"
ede98656-31ef-3f50-9cc3-0ad7d323602c,Dr.,Maximillia,Okuneva,"74/68 Ondricka Freeway","Leannon Gateway",Oroquieta,Louisiana,"Saudi Arabia",113-214-636,163-830-157,"Kunze, Schneider and Weber",king.com,"Director Religious Activities",silver,2003-06-30,tremblay.bernhard@kunze.com,"Vg`,Ze"
57145964-1696-3742-80c3-4875bf0def63,Mr.,Luciano,Moore,"81A/50 Raynor Drive Suite 230","Raynor Crescent",Pasig,"North Dakota","Sierra Leone",273-034-419,938-654-889,Lueilwitz-Funk,konopelski.biz,"HR Manager",teal,2018-08-28,scarlett24@schmitt.info,63ck!T{+fJ
2a1e3b35-4538-30a0-820b-b60cc7ad91de,Dr.,Jarrod,Pagac,"75A Bechtelar Lodge Suite 336","Ward Mountain",Mandaluyong,Michigan,Iceland,727-294-306,773-332-652,"Bergstrom, Ondricka and Ritchie",weber.com,"Food Batchmaker",purple,1992-03-04,lois.gaylord@spinka.com,cUj=G{_pen+c
6fdc03fc-d56d-364d-add1-f9102c5bbade,Ms.,Nettie,Kerluke,"85/90 Klocko Well","Reichert Lake","San Pablo",Iowa,"Holy See (Vatican City State)",949-478-158,333-176-722,Hartmann-Gulgowski,glover.com,Construction,teal,1994-04-25,genesis41@kohler.org,uI$l-sX.b80}
e534ee23-1ac2-36c6-bf3b-f1d7a7f01f94,Mr.,May,Weissnat,"13A/93 Stracke Extensions","McCullough Camp",Bais,Virginia,"South Africa",136-629-042,438-057-632,"Lowe, VonRueden and VonRueden",mitchell.org,"Conservation Scientist",white,2000-03-23,vandervort.albina@yahoo.com,GJz<o+J&e)~Q>
fdcee25d-adf3-36b5-805f-352a8fd142b9,Dr.,Eda,McKenzie,"66 Bailey Prairie","Batz Avenue",Gingoog,"New Jersey",Comoros,674-658-675,990-230-928,"Runolfsdottir Inc",schmitt.com,Architect,white,1986-03-17,howe.noemy@barrows.com,")uLhETf>Hm'\|S"
a14f78d7-919e-330e-888d-214962219c03,Miss,Chasity,Bosco,"75/83 White Roads Suite 151","Lemke Trafficway",Urdaneta,Pennsylvania,Italy,197-736-721,163-930-365,"Hegmann, Koelpin and Rutherford",schmitt.com,"Insurance Sales Agent",navy,2012-07-22,mokeefe@hotmail.com,LW;wGh)~a=xu6GT
374ccf0b-a19b-31b9-a2a4-fe504d06cc33,Prof.,Marlin,Quigley,"72A/62 Zemlak Shores Suite 203","Watsica Fords",Mati,"North Carolina","Costa Rica",650-479-909,160-685-535,Kemmer-Effertz,dickens.org,"Annealing Machine Operator",black,1975-10-25,zula87@gmail.com,"?b\L%=]A+""qa=+o;/"
2f835f6d-fa3c-3c1c-96a6-79b5123def61,Dr.,Bell,Baumbach,"80/28 Hayes Shoals","Turner Run",Malaybalay,Tennessee,Somalia,096-852-934,787-781-660,Anderson-Conroy,denesik.org,"Kindergarten Teacher",white,1983-02-20,cassidy46@yahoo.com,yM.q|d$EVd&@
f1ebbc25-1e0a-3d06-86a3-79df265ed155,Mr.,Aliya,Wolff,"39A Lindgren Ports Suite 567","Green Turnpike",Mandaue,Arizona,Tokelau,186-030-014,468-846-082,"Green and Sons",pacocha.com,"Amusement Attendant",black,1996-07-22,oglover@yahoo.com,"-wMb{,=U]OU_LXL"
9f5c49a2-478a-3665-b58e-633bda183d46,Mrs.,Rosina,Schowalter,"64A Gulgowski Place","Bayer Ville",Sagay,Colorado,Romania,665-909-630,214-237-549,"Lowe LLC",von.net,"Automotive Body Repairer",maroon,1972-10-31,mills.jazmin@bins.com,9o0gb-aQPJ|#Vj#HYlSu
bc3029c0-316c-397f-ac75-d16b5cfed07a,Mrs.,Horacio,Conroy,"67/44 Goyette Square","Shields Dam",Catbalogan,Alaska,Canada,023-955-452,442-780-461,"Schumm, Zboncak and Franecki",hahn.com,Judge,maroon,2022-10-28,gmcclure@hotmail.com,DR&W.TyjSY*#i_:j`h@
95b5e8cf-264c-3918-8d5d-96199b2f90fc,Mrs.,Marley,Prosacco,"91/26 Hoeger Mount","Hamill Cliffs",Baybay,Washington,"British Virgin Islands",876-735-145,695-366-977,"Mitchell LLC",pfannerstill.info,"Vocational Education Teacher",maroon,2015-08-29,pwest@hotmail.com,"RRY\R8+'RI""x"
c40fb697-363e-31cb-940a-914360641563,Prof.,Name,Labadie,"47 Koepp Turnpike","Mills Drives",Marawi,Texas,Malta,957-924-631,812-278-626,"Reichel Inc",lebsack.com,"Supervisor of Police",purple,1970-09-22,sydni36@hotmail.com,[*XPE(LM~LC>'79p
e081d093-7351-38c5-a2a7-af93bb07a51d,Dr.,Miller,Pagac,"11A/70 Witting Rest","Windler Walk",Tacloban,Kansas,Sudan,556-356-039,341-195-833,Turcotte-Purdy,schneider.org,"Video Editor",black,1982-11-07,jenkins.marquis@greenfelder.org,"b""7g_8"
3f8be95c-4a70-3bfb-b8f1-2f2e0f7d893b,Prof.,Demetrius,Goldner,"56A Waters Cliffs Apt. 026","Brakus Isle",Silay,"South Dakota","New Zealand",077-138-421,724-979-473,"Sauer Inc",bahringer.net,"Agricultural Sales Representative",fuchsia,2024-06-27,patience.stanton@lesch.org,3i`jK?TZ0q$3]dP-7Q1
7769e993-034b-35c1-a423-87a9ccea950d,Dr.,Isidro,Spinka,"53A/76 Douglas Falls","Haley Walk",Tacurong,Iowa,Kiribati,643-115-991,644-593-137,"Walter Inc",lind.net,"Maintenance Equipment Operator",purple,1980-12-04,towne.laurie@veum.com,"o`:Le""fB0En@op\b,"
1133b189-3a9e-3209-bacb-8181089df498,Mr.,Keyon,Von,"18A/03 Moen Ridges","Runolfsson Stream","Tarlac City",Oregon,"Saint Kitts and Nevis",109-080-176,611-698-265,"Bahringer, Daugherty and Weber",pacocha.net,"Aerospace Engineer",teal,1998-06-01,mosciski.braxton@heathcote.com,zZA%o0lrg
ab80ff44-2c03-3b20-b15b-f1f4c7cd5c5b,Dr.,Sofia,Balistreri,"90A Langosh Wells","Lebsack Inlet","Puerto Princesa",Connecticut,Tokelau,602-972-504,793-355-980,"Hettinger LLC",abshire.com,Decorator,silver,2001-12-23,gulgowski.kelton@gmail.com,"'+""8fr^24Le,Ea5"
57f6c78f-32f5-3d9a-a800-aa7804d84272,Prof.,Krystina,Quitzon,"03A/84 O'Conner Rapids","Trantow Groves",Tandag,Ohio,Ukraine,609-936-445,638-463-386,Nitzsche-Hessel,boehm.com,Brazer,olive,1994-07-01,thelma.hoppe@gmail.com,Hr/Go=(-UtD:_+lgQ@x<
ae27e056-237d-3f14-9dc5-b1ac798f3601,Dr.,Olin,Smith,"94 Kling Extension Apt. 345","Botsford Square",Himamaylan,Washington,"Kyrgyz Republic",597-732-675,460-566-906,Waters-Gerlach,considine.com,"Aircraft Body Repairer",aqua,1988-12-17,isom90@lynch.com,"JD\~w>&"
f6f4248c-fbbe-3983-80b5-f0f33b44d46e,Dr.,Karlie,Kerluke,"23 McDermott Knolls","Gutkowski Loaf",Butuan,Minnesota,"Cote d'Ivoire",437-965-717,737-811-393,DuBuque-Wisoky,sporer.biz,Optometrist,fuchsia,1989-08-20,keeley92@yahoo.com,"B3jD=*UTF"""
12539f78-1f75-3273-b305-cebac46fcb30,Dr.,Leila,Toy,"83A/65 Ullrich Corners","Nolan Mall",Tangub,Maine,Oman,873-201-077,876-865-620,"Orn, Marks and Jerde",hill.info,"Data Entry Operator",purple,2020-06-30,hammes.michel@grimes.com,"SWC>(L,*j0n\!i.&E91"
96488453-21a4-3b1c-b2a7-4aa4cf8779a3,Dr.,Dulce,Pagac,"69A Rogahn Inlet","O'Hara Gardens",Baybay,Ohio,Djibouti,717-971-166,605-639-031,"Zboncak, Harvey and Hill",cummings.biz,"Mechanical Engineering Technician",white,1989-10-09,fahey.trever@bechtelar.com,9s4gxW8v|x8bY(<w>E
665fa47a-c0b9-3ab7-bfce-9b340829a4a3,Mr.,Domenico,Schumm,"43A/44 Kuhlman Village Suite 297","Fay Centers",Muñoz,"New Hampshire",Eritrea,433-938-772,986-355-383,Zieme-Nienow,anderson.net,"Cooling and Freezing Equipment Operator",green,2005-11-21,danielle64@welch.biz,2U}G_]v*XB
7d6ebd6d-556a-381d-9e82-34a736c6719e,Mr.,Emil,Schmidt,"40 Ondricka Forge","Hermann Camp",Bogo,Nebraska,Tunisia,197-392-761,549-902-342,Hoeger-Cruickshank,hartmann.com,"Reporters OR Correspondent",fuchsia,1970-08-01,spinka.marilou@mcglynn.biz,T!yrv7kIH<cBN8sd%rCp
305ff8aa-09e7-3e4f-8722-5cce0a2827a7,Prof.,Laverne,Gottlieb,"94A McKenzie Streets Apt. 805","Sawayn Manor","Cotabato City",Arkansas,"Marshall Islands",775-861-499,492-918-093,"Pfeffer Group",wintheiser.biz,"Industrial Engineering Technician",white,1996-04-10,marlon04@gmail.com,"xRX=3*'ZfS6IpH,"
58e8753c-71b3-36bd-982b-7fb31f83d60f,Mr.,Juanita,Pfannerstill,"52 Walter Lodge","Thompson Passage","San Pedro","West Virginia",Estonia,049-532-957,875-136-022,Sauer-Anderson,crist.biz,"Education Administrator",gray,2024-01-27,keagan.tillman@gmail.com,eLRBrJ/WY52|h[c`
5c965a91-0670-3af2-9c1f-ae54a1044a1d,Dr.,Elise,Schinner,"50/69 Lueilwitz Neck","Williamson Pass",Bayawan,Illinois,Uruguay,376-368-039,355-693-099,Emard-Walsh,runolfsdottir.com,"Insurance Underwriter",green,1975-08-09,schmidt.abigayle@yahoo.com,"9[0G_nW,=F@Zve"
8f7c9a39-b669-34d7-8ca0-f5881b824ff0,Prof.,Kristopher,Maggio,"20 Kilback Hollow","Raynor Loaf",Tandag,Alabama,Cambodia,756-360-200,951-966-641,"Osinski, Goyette and Kris",yundt.com,Woodworker,yellow,2011-07-18,ulowe@gmail.com,BY^|nvuQXOdhKM4L=bC
d5aeedae-9b59-3499-9471-3cf04970b204,Mrs.,Daren,McGlynn,"34A/72 Mayer Ports Suite 413","O'Hara Extension","Puerto Princesa","North Dakota","American Samoa",180-213-421,082-173-862,"Marvin Group",larson.biz,Webmaster,maroon,2004-11-01,feil.william@lesch.biz,",}NLZ3"
b74aeb12-e609-37a3-bff6-ad551c80c113,Prof.,Nannie,Reilly,"92A/28 Lueilwitz Row","Roob Stream",Gingoog,Arkansas,Lesotho,410-841-413,683-376-789,"Fay and Sons",cassin.com,"Precious Stone Worker",blue,2022-04-01,dangelo.casper@yahoo.com,pIyJ{1o)q1y.sfNl
97735181-0c99-33ad-8a6a-4db1241da155,Prof.,Yvonne,Buckridge,"16/44 Terry Fort","Murray Pike",Tacloban,Oregon,"El Salvador",998-842-852,216-155-982,"Daugherty, Stroman and Wiza",smitham.net,"Aviation Inspector",gray,1982-03-29,lorenzo96@heathcote.org,"J%qi::bf;CI\~u}lM,Y2"
75102722-e3c1-316d-9946-3e41a344b12d,Ms.,Nona,Lang,"97 Cronin Fall","Fadel Fork",Borongan,Missouri,Bhutan,122-415-749,018-748-329,Kilback-Aufderhar,willms.biz,"Merchandise Displayer OR Window Trimmer",silver,2005-03-15,justice42@leannon.biz,HD.&gR='L_{YccKM
7c936b48-c424-3ded-8aa9-cfcc5efe32c8,Dr.,Opal,Jerde,"28/36 Wyman Rest","Hill Plains","Cebu City",Alaska,"San Marino",441-321-856,900-466-372,Heaney-Watsica,hackett.com,"Furnace Operator",silver,1979-06-16,uzboncak@marvin.info,U.!o~>)1KN`;{(@{R
ad76af08-08d7-3c50-ab36-439c4db1dc41,Miss,Callie,Metz,"97A/61 Sawayn Locks","Nicolas Common","Cebu City","District of Columbia",Germany,778-018-221,372-851-852,"Dare LLC",kassulke.com,"Supervisor Fire Fighting Worker",navy,1992-12-14,bernhard82@west.com,sGtLpTB-^>
c98624fc-b33d-3e16-b040-ceb3fb677f56,Prof.,Pearline,Lebsack,"40 Feest Wells Apt. 598","Kulas Turnpike",Canlaon,Wisconsin,"Heard Island and McDonald Islands",091-587-432,042-748-160,"Bahringer, Abernathy and Kovacek",gerlach.org,"Food Scientists and Technologist",purple,1997-06-22,rogahn.carmela@yundt.com,"|0""yNwS}7Dn'f6pdWM"
51bf5cda-b3eb-3720-a6e9-c9cdbea61415,Mrs.,Vivien,Armstrong,"10 Goyette Estate","Murazik Terrace",Mandaluyong,"South Carolina",Paraguay,058-298-989,746-751-195,"Bartell LLC",leffler.org,Sociologist,green,2009-05-07,nathen.okuneva@yahoo.com,ql/1Q-)*;
f41c2971-e3ca-3abe-af11-f6434a63e58e,Dr.,Craig,Medhurst,"47 Braun Underpass Suite 049","Mante Centers",Victorias,Georgia,"Saint Kitts and Nevis",933-637-313,072-189-492,"Douglas Ltd",bernhard.com,Cartographer,aqua,1980-02-10,dhaag@mraz.com,>S};NE&.9$?(Gao
ae36c2ce-c98a-3713-b075-91579b7345c5,Dr.,Estel,Heaney,"91A/07 Padberg Mission","O'Hara Village",Dasmariñas,Georgia,Nigeria,002-528-737,531-036-058,Torp-Roob,damore.net,Baker,navy,2018-06-03,senger.maye@hotmail.com,f5=z%RP4`F)rx%IT/2
66efd799-672f-321f-aa2b-2e2cfb0eea77,Miss,Gretchen,Conroy,"76 Dietrich Fall","Hintz Curve",Tandag,Louisiana,"Solomon Islands",816-209-402,717-942-212,"Murphy PLC",ziemann.info,Electrician,silver,1974-11-13,twila.bogisich@murray.com,VBahlb1a?rpSDHN|'E
aa4e431c-4806-3b56-8ecc-11e86d1057b7,Mrs.,Gaston,Spencer,"72A/88 Abshire Circles","Hansen Divide",Tuguegarao,Utah,Israel,777-892-197,934-317-305,"Stamm, Paucek and Rau",schoen.com,"Home Appliance Installer",green,1977-11-10,rmetz@beahan.biz,|js59Motp!oI&Kr'F
e8684006-53ad-3ee6-81b5-f1887d9a4a3e,Mr.,Billie,Stracke,"37/32 Altenwerth Club Apt. 838","Barton Cape",Lamitan,Vermont,Poland,427-853-966,862-766-388,"Schaden, Baumbach and Wilkinson",abbott.net,"Professional Photographer",yellow,1970-07-19,fatima.runolfsdottir@bosco.com,/@F47n`10~5
83bc3355-0646-36e3-b1f1-c0708b867c5b,Mr.,Arne,Zulauf,"97 Ratke Vista Suite 086","Harris Highway",Manila,"North Dakota",Kazakhstan,890-347-601,152-012-191,"Lindgren and Sons",conroy.info,"Vocational Education Teacher",black,2008-09-10,deborah.crona@hotmail.com,AZ&/]!DJsUm}n/
2294a1aa-bc40-3959-bc51-9578bea6a302,Dr.,Annabelle,Bradtke,"18A Schmitt Forges Suite 894","Legros Summit","Surigao City",Arkansas,Cyprus,412-270-533,709-692-219,Upton-Jerde,jones.biz,"Tire Builder",green,1981-10-06,iherman@gmail.com,e8-0_S&%S6
7624f0d7-a4e2-3afe-9b6f-c4e1306a7e10,Mr.,Doug,Schaden,"58 Willms Courts Suite 405","Zulauf Path",Lapu-Lapu,Minnesota,Honduras,142-970-824,002-719-479,"Kutch Group",lehner.com,"Paper Goods Machine Operator",purple,2015-06-29,stanton.verdie@schowalter.org,f!?)%;9zAA@%.
deff243f-205f-3d97-a2f4-e900f5144d8f,Mrs.,Quinn,Goyette,"89A Strosin Throughway","Kihn Junctions",Lucena,Louisiana,Mauritania,404-421-835,842-879-064,Schimmel-Wiegand,frami.com,"Nursing Instructor",aqua,2019-11-24,dooley.bill@mayert.com,}6z3bn
103235a8-f9e0-370f-8002-55d6b3eec23a,Dr.,Justine,Goyette,"90 Jaskolski Brook","Wisoky Island","San Pedro",Louisiana,Turkmenistan,829-006-616,964-378-856,Reichert-Rodriguez,crooks.com,"Crossing Guard",purple,1984-09-17,gunnar.gutkowski@hotmail.com,"PnN,tzQ,5W:W/X]"
21190249-9f75-379a-a1c5-b9a0b0b41a89,Prof.,Gerry,Hilpert,"77 Jones Haven","Block Expressway",Lipa,Illinois,Uzbekistan,958-027-644,689-345-596,"Dickens Inc",brekke.com,Jeweler,white,1984-02-26,hermann.norma@medhurst.net,"#Q(W`,^8*#C!h!\ev"
4f1f7ded-af5e-33d1-b4aa-dbb85501a0b7,Prof.,Raoul,Renner,"99 Buckridge Lakes Suite 717","Little Vista",Samal,Michigan,Poland,644-283-681,888-386-445,Stroman-Homenick,roob.com,"Forensic Science Technician",purple,1989-02-13,don90@hotmail.com,"H:1~_a21Jn\C%jm."
7202efd7-3438-3311-9701-18ee81b96f4d,Dr.,Jewel,Keebler,"72/45 Olson Drives","Parisian Square",Tabaco,Florida,"Libyan Arab Jamahiriya",467-502-497,876-485-608,"Dooley PLC",bayer.com,Inspector,gray,2006-03-29,konopelski.justine@rau.com,'l>UaC87FZS|-`yJ(zk2
d1ccb2cb-f72a-3ef9-8448-a7bf0164c43b,Prof.,Margarete,Haley,"64A Lynch Haven","Buckridge Burg",Iligan,"New Hampshire",Spain,570-062-239,749-488-490,"Beer, Braun and Rau",nolan.com,"Automatic Teller Machine Servicer",maroon,2002-01-24,camron.king@simonis.com,O|D:k>4@)Cxxq|E
05893177-c51b-366d-a4a4-170e6cd4e667,Prof.,Grant,Lowe,"55A Dare Lakes Apt. 503","Cormier Center",Bayugan,"New Mexico","Faroe Islands",300-564-249,332-722-278,"Wilkinson Ltd",towne.com,"Credit Analyst",aqua,1970-03-03,bboyle@terry.org,5`HO^^y5@c-VRQr{o
862437d6-6f22-33a2-8d16-c756667f34fc,Mrs.,Marcos,Graham,"65/81 McGlynn Curve Suite 985","Beahan Stream",Tayabas,Massachusetts,"Western Sahara",969-146-377,943-747-085,"Hackett, O'Hara and Bode",nicolas.info,"Annealing Machine Operator",maroon,1973-12-31,sydnee.ernser@mclaughlin.net,:>Vu]%U:z6yrOv
f585bcab-a803-3b1e-9030-d04974d5682b,Dr.,Serena,Erdman,"97A/09 Ernser Court","Gibson Cliffs",Malolos,Louisiana,Uruguay,150-676-871,175-171-486,"Harvey Group",barton.com,"Telephone Operator",gray,1983-03-20,pascale71@gmail.com,'Fm~0C]I
04f6fc45-b2dd-3060-b186-961aaf725590,Mr.,Dean,Nienow,"15 West Common Apt. 909","Huel Manor",Bago,"Rhode Island","Christmas Island",527-945-588,665-929-810,"Hand Ltd",kub.net,"Computer Repairer",silver,1993-01-11,urunolfsdottir@hotmail.com,[+H}P.az0
a30905e2-7143-3917-9a20-56c921975741,Dr.,Creola,Purdy,"24A/41 Watsica Creek","Hoeger Point",Bago,"North Carolina",Georgia,153-671-170,904-443-347,"Nikolaus LLC",nienow.com,Historian,white,2024-07-02,vdicki@yahoo.com,co-H:C]dXzw<^P#HR+]
7bdb21f7-9741-3140-b8c0-d7b936a07863,Miss,Ebba,Reichel,"92 Barton Green Suite 667","Hammes Highway",Calbayog,Arizona,Romania,753-675-642,379-232-502,"Hill Group",fisher.com,"Communications Equipment Operator",aqua,1994-07-08,heaney.gordon@yahoo.com,ZeC`8IFl8lX
9ff10bbe-cc98-3309-be05-246872e38591,Dr.,Justus,Kuhlman,"11A/98 Emmerich Terrace Apt. 821","Bahringer Hill","San Pedro","Rhode Island",Cameroon,362-556-636,185-899-952,"Cummings, McClure and Jacobs",medhurst.com,"HR Specialist",olive,1985-01-16,shania.hammes@hotmail.com,<Fg1CqYY%CD~8
63bd9fdd-7e51-30c9-a9b0-a953af9e2daf,Miss,Lavina,Lowe,"69A/45 Jones Meadows","Little Points",Baybay,Indiana,Bulgaria,701-946-313,238-207-322,"Spencer Inc",stamm.info,"Computer Science Teacher",silver,1979-11-28,kerluke.justina@hotmail.com,"r)\=E~.&R62B)A^bz"
ff021ffa-2dcd-33a4-8c01-67e505160f8b,Dr.,Jarret,Konopelski,"48/21 Ankunding Glen Apt. 552","Skiles Hollow",Naga,Maine,"Sri Lanka",909-781-583,098-621-848,Parisian-Roob,von.net,"Manufactured Building Installer",purple,2017-07-26,yhills@hilpert.info,"4PF6NG&qAPo""TX"
a82e6bc8-c330-3be0-8775-52d3989a37d6,Ms.,Randal,Crooks,"19A/75 Keebler Dale","Windler Square",Mandaluyong,"South Dakota",Gabon,756-088-361,129-675-524,"Konopelski LLC",powlowski.com,"Avionics Technician",yellow,2015-11-21,heaney.rahsaan@roob.org,"4^2G1`,""]C_^6"
8dddf4cb-00d4-3e15-bdff-522729c9b3fa,Dr.,Emie,Hoeger,"67A McGlynn Lane","Boehm Throughway",Tacloban,Mississippi,"Sri Lanka",569-144-478,352-455-494,"Beier, Donnelly and Torp",hirthe.com,"Network Admin OR Computer Systems Administrator",navy,1986-09-15,kenny.maggio@armstrong.com,fYqrVPuOV
97cb2288-2285-3ec1-a8f5-683c26dfbeed,Miss,Daniella,Lind,"75A/49 Terry Ferry","Lakin Corners",Roxas,Minnesota,"Saudi Arabia",059-788-342,527-347-303,"Gottlieb, Daugherty and Olson",wolf.com,"Architectural Drafter",white,1980-03-26,sunny80@beier.net,qU6M0y09=.
3528f603-8379-379c-a3bf-fc5e3a66e1f3,Prof.,Marcelino,Shanahan,"94 Schneider Inlet Suite 709","Predovic Meadows",Cabadbaran,California,Cyprus,303-055-396,734-973-469,Medhurst-Frami,moen.com,"Milling Machine Operator",lime,1979-03-29,dgoyette@gmail.com,"Hm#.^cc_P5)r,xCc$:"
680a0546-ee4e-38f2-aeb1-f9bac67a968d,Prof.,Agnes,Padberg,"37 Dare Underpass Apt. 008","Kautzer Branch",Borongan,Minnesota,Peru,774-775-002,922-629-792,Bruen-Walsh,abernathy.com,"HR Specialist",aqua,2003-11-18,smitham.makenzie@bartell.org,"?Z`o]LZ[hQe""0cV+F9{E"
29379bb3-1211-361d-8a3b-481c5de59dc5,Miss,Toy,Little,"94A/02 Maggio Ports Apt. 702","Schroeder Keys",Tacloban,Delaware,Armenia,567-242-841,222-125-375,Block-Runolfsson,kuhn.net,"Government Service Executive",green,2013-12-27,senger.frances@hotmail.com,>^If##3O
d2671c8f-ab20-391f-8187-9ccdb7f33878,Dr.,Cristal,Daugherty,"61/82 Morissette Park","Barton Pike","Quezon City",Florida,"Saint Martin",274-035-577,601-853-700,"Mills, Roob and Hansen",heathcote.com,"Soil Scientist",green,1980-05-28,bkling@hotmail.com,"#j,_zK\mcGbMp,!:]g_"
676d874b-51c6-3aa1-a511-541df7cff8d0,Prof.,Odessa,Purdy,"45A/95 Watsica Row","Beahan Landing",Ilagan,Michigan,Grenada,140-723-132,812-614-699,"Kohler Ltd",corkery.com,"Supervisor Correctional Officer",yellow,2019-05-02,josianne.crist@senger.com,"hjxf0&h}v,WpJUQ["
df0ee4d4-8382-3861-8abf-a3f2d0bae322,Prof.,Leann,Abbott,"49 Crooks Summit","Rippin Turnpike",Tanjay,Texas,Guam,166-780-905,090-836-072,Walter-Bernhard,gerlach.org,"Power Plant Operator",teal,2000-08-18,christiansen.lee@hotmail.com,"?6u<NQ""K.vjNzeH"
306120d6-043f-32d4-aae5-3a67e39d8002,Mrs.,Felix,Nitzsche,"62/36 Von Pines Apt. 605","Lakin Streets",Bayawan,"North Carolina",Liechtenstein,128-292-407,723-256-443,"Muller, Gislason and Roberts",langosh.com,"Postsecondary Education Administrators",maroon,2001-12-05,enrique.kohler@hotmail.com,"/X>\/iA|@&-N8zd0"
2223acc5-fd21-3633-8e83-fdb7df139601,Miss,Heidi,Gutkowski,"73A Bruen Freeway","Runolfsson Forks",Talisay,Kentucky,Thailand,781-417-449,154-899-591,"Johnston, Davis and Hamill",windler.com,Archivist,white,2007-03-24,ben78@mosciski.com,":^&,uAz"
19212078-7b59-342d-8224-eeb60dbd9772,Prof.,Veronica,Schumm,"11A Bode Mews","Gutmann Points",Gingoog,Idaho,Uzbekistan,849-729-655,631-281-867,Bayer-Pfeffer,hane.com,"HR Manager",black,1983-06-24,rath.eulalia@ankunding.com,sG;xM`AcHisfpuqx
77dbf052-948a-3148-bbd4-6d32f153bf00,Dr.,Bulah,Schulist,"03A/81 Connelly Underpass","Osinski Port",Ormoc,Minnesota,Portugal,738-875-966,839-002-696,"Morar and Sons",weber.com,"Coil Winders",silver,1977-12-19,rossie.wilkinson@abshire.com,itkSc&BCyLD
fe7d076e-8d3c-3b14-9339-929129babd50,Prof.,Keyon,Gleason,"76A/68 Dare Stream Apt. 578","Weimann Freeway",Tangub,"District of Columbia",Vanuatu,273-734-387,945-492-884,Hintz-Schulist,renner.net,"Typesetting Machine Operator",silver,2011-08-30,harris.cydney@jast.com,^>qmf7I%m
c40e7729-2d54-3348-8261-f8a779f62182,Dr.,Casandra,Hickle,"72 Runte Plaza","Greenfelder Mountain",Naga,"North Carolina","Sri Lanka",053-350-713,129-796-831,"Yundt Ltd",davis.com,"Clinical Psychologist",teal,1995-11-04,jackie.hessel@gmail.com,meNTD3C:n8a
831f6ffa-c662-3453-9b2d-7f8e9b70464a,Prof.,Tyree,Kautzer,"34 Walter Valley Apt. 989","McGlynn Prairie","General Santos",Massachusetts,Kuwait,491-913-028,665-814-452,Bailey-Tremblay,glover.biz,"Municipal Fire Fighter",teal,1999-06-02,volkman.zita@gmail.com,V-16TgmJ{Qfht?r)~#
31bd0ad4-eaf1-392b-b2d5-22e2890d69b0,Prof.,Freeda,Tremblay,"89A/81 McLaughlin Corner","Tillman Tunnel",Marikina,"South Carolina","Sri Lanka",502-782-302,561-634-512,"O'Hara, Langworth and Bauch",kuhn.net,"Marine Cargo Inspector",gray,1992-09-23,kailey33@yahoo.com,x{9{Ed`am_K6f3iMH=Vz
3da48862-6f41-3648-bab2-d7e9cbaf0729,Prof.,Kennedi,Stracke,"99A/26 Fahey Port","Brown Motorway",Tangub,Missouri,"Sierra Leone",605-497-531,100-204-721,"Skiles LLC",gleichner.info,"Fire-Prevention Engineer",purple,1999-04-04,deborah34@gmail.com,"Cp}8USDJj?k(_@S\-j(e"
27ebdeb8-44fe-3f2c-bf56-85500fafc1c4,Ms.,Izabella,Kohler,"68A Dickinson Burgs","Okuneva Plains",Talisay,Florida,Egypt,643-693-237,735-731-268,"Orn, Hodkiewicz and Shields",lynch.info,"Precision Devices Inspector",black,1982-11-29,monte54@legros.net,"ti0,Puo"
ee904859-af64-3ffa-84b3-b0a6de17d7af,Miss,Murl,Conroy,"24A Marks Tunnel Apt. 039","Osinski Spring",Biñan,Minnesota,Germany,002-090-666,863-953-061,O'Connell-Adams,bahringer.info,"Pesticide Sprayer",black,2017-10-27,tristian.block@yahoo.com,"vXDC\$~LJR590be4$K"
378b920a-9005-38a9-816b-a755f0765a7a,Dr.,Rasheed,Kirlin,"58A/60 Senger Village","Wilderman Forge",Olongapo,"New Jersey",Gabon,813-865-010,217-542-220,"Kassulke Group",romaguera.com,"Computer Science Teacher",yellow,1996-06-18,lucas26@thompson.com,"!BNQE""16NZA7qi$b{"
2450f74e-0971-3df1-a9b0-3c9aceac3380,Dr.,Jared,Lueilwitz,"22A Connelly Run","Gaylord Valleys",Angeles,Minnesota,Israel,836-911-022,126-863-994,"Rice, Purdy and Wiza",fahey.com,"Brake Machine Setter",olive,1976-09-11,gottlieb.phyllis@hoppe.com,?[9Y8)Mk*IiK
db2a27c6-a29a-3c54-9ed3-1655d2a2d8bc,Dr.,Arthur,Kiehn,"47 Deckow Spurs Apt. 194","McGlynn Junctions",Iriga,Kentucky,"San Marino",107-853-916,580-093-290,"Pollich, Thompson and Raynor",schmidt.com,"Private Detective and Investigator",black,2008-01-08,alisha.connelly@bernier.com,aG9&2X
18055f61-5475-3069-b887-eb83e7d7558d,Ms.,Bailey,Nicolas,"24/77 Littel Village","Wilderman Falls",Catbalogan,Wisconsin,"Saint Kitts and Nevis",989-191-666,051-313-080,"Effertz, Renner and Mann",braun.org,"Terrazzo Workes and Finisher",aqua,1976-08-08,jbrown@gmail.com,L/!b*jqT5<[L*J
0466739f-28e8-3491-9aa3-80cec0d8c426,Ms.,Nathan,Rowe,"38A/15 Schuster Road Suite 276","Cummings Glens",Candon,Virginia,"Faroe Islands",350-393-138,945-324-163,"Konopelski, King and Frami",mills.biz,"Ship Engineer",silver,2016-03-18,brielle07@gmail.com,"=vL""xg;Vh!}tasLE3rIq"
4f0e1fb3-9d06-30d3-b595-5da8ea54ab50,Prof.,Marlen,McKenzie,"90A Lang Circles","Carroll Avenue",Carcar,"New Hampshire","French Guiana",974-868-687,051-057-873,Hettinger-O'Kon,brown.com,"Manager Tactical Operations",black,2013-08-27,braun.mathias@gmail.com,*NPn46N8A*^e7
2ec1d44d-7373-3fdc-97f5-9e0bf2cd1c42,Dr.,Vickie,Kuvalis,"67A Jones Courts","Lebsack Prairie",Tagbilaran,Alaska,"Cook Islands",698-826-631,296-591-988,"Morissette PLC",eichmann.com,"Veterinary Technician",purple,1986-04-19,ndaniel@rowe.com,C$b.dXP!H3JpQcWa?x
070f8ab5-a048-3fdf-9cbb-c6cb61a84b9c,Dr.,Justen,Keeling,"36/79 Gerlach Roads","Daniel Port",Biñan,Utah,"Saint Barthelemy",447-164-631,223-631-216,"Denesik and Sons",medhurst.com,"Program Director",black,1972-01-23,alanis.volkman@durgan.net,Jyll]z!uS^8S2
9627bde4-e29e-33c8-8b94-48f6f7153b6c,Ms.,Lacy,Greenholt,"95A Hyatt Streets Apt. 328","McClure Forks",Tabaco,Delaware,Liechtenstein,318-156-780,622-406-556,"Schamberger, Fahey and Schowalter",hammes.com,"Marking Machine Operator",aqua,2006-09-21,kiley10@torphy.com,.;IwA=RB;/7O8/!5]
69fe2383-6b0c-3d24-928b-bb20cf156081,Mr.,Osvaldo,Maggio,"34 Lockman Fords Suite 572","Gaylord Burgs",Imus,California,Mayotte,687-676-402,336-645-554,"Balistreri, Strosin and VonRueden",connelly.com,Brickmason,teal,1999-07-14,corine12@hotmail.com,5h4pkOILiits19t8j>8v
9a6edcb1-c20b-37e8-8b9e-7778b8d85108,Mrs.,Layne,Moore,"75 Schaefer Course Suite 044","Tromp Turnpike",Vigan,"New York",Philippines,175-257-578,897-456-745,"Mosciski Ltd",toy.com,"Mining Engineer OR Geological Engineer",lime,1988-03-29,dwolff@yahoo.com,"}*w+a.8\e7v1k(Hy)B"
dee1f85f-fca3-3713-bfc2-7bf112007bad,Ms.,Johnpaul,Pfeffer,"17A Goyette Gardens","Haag Hollow",Tacurong,Arkansas,Ukraine,894-144-572,173-739-769,"Von, Sanford and Wintheiser",schaden.com,"Textile Machine Operator",black,1992-11-29,skozey@yahoo.com,OU^5[**{%
af23a6bb-3f1d-3474-a0cf-0b0fc583a7d0,Dr.,Estelle,Mosciski,"06A/31 Leffler Tunnel","Gorczany Drive","Tarlac City",Missouri,"Russian Federation",009-594-443,518-130-241,"Lueilwitz, Ondricka and Hermann",nicolas.com,"Occupational Therapist Aide",white,1986-05-07,fzemlak@predovic.com,"!>Ds)[;n^-x>Z""J\Ibr"
3215aa81-846b-3cd7-8238-4745493f784a,Prof.,Don,Erdman,"09A/95 Breitenberg Oval Apt. 728","Hilpert Square",Caloocan,Wyoming,Kuwait,491-141-539,041-237-413,"Langworth Group",okuneva.biz,"Electric Meter Installer",aqua,2019-10-02,kkeebler@hotmail.com,`|=7j~U$S*Szd/&-
16d42375-843f-3423-af83-c61fb333bf3b,Prof.,Zack,Homenick,"83A Glover Stravenue Suite 925","Aufderhar Lakes",Lipa,Washington,Belgium,648-480-885,374-842-512,"Gerlach, Emmerich and Watsica",lang.biz,"Optical Instrument Assembler",white,1986-05-16,corkery.otis@yahoo.com,!KEL=-?@L
71761016-a503-3ce5-9d57-e7f2b88f56d9,Dr.,Malvina,Jacobson,"62A/83 Windler Squares","Medhurst Ports",Tandag,"North Dakota",Ecuador,379-712-554,403-818-679,"Runolfsdottir, Bauch and Trantow",dach.net,"Pressing Machine Operator",fuchsia,2021-11-25,dora81@yahoo.com,n0n=HaORRk9@mr
06c4f9c0-88c1-360b-b649-ae7df3766b82,Prof.,Modesto,Kovacek,"99A/11 Emard Plains Suite 532","Wisozk River",Muntinlupa,Maine,"American Samoa",736-653-623,438-872-864,Smitham-Zemlak,hill.com,"Medical Assistant",lime,2013-04-15,angela89@hudson.com,4Q2a5-C]6V.NBC&[
75db67fd-0b9b-3837-bda9-8bc35af120b2,Miss,Hayden,Cruickshank,"10 O'Reilly Falls Suite 891","Yost Locks",Olongapo,Iowa,Pakistan,669-244-524,248-248-323,Gleason-Runte,funk.com,"Architectural Drafter OR Civil Drafter",white,1989-03-19,ondricka.shaun@hotmail.com,[:9$}WCDA89GAZ?s*/r/
46b19b55-af8d-3113-9bb6-ce42528cd096,Dr.,Bart,Schaefer,"67A/84 Schuppe Bypass Apt. 053","Wintheiser Knoll",Kidapawan,Minnesota,Argentina,720-819-463,999-014-600,Jerde-Torp,collins.com,"Control Valve Installer",black,1972-10-04,antwon.brown@cartwright.org,l%6#C2G
41102d75-26a8-3ad4-91ff-fba256ad258f,Dr.,Maximillian,Harris,"73A/63 Halvorson Harbor","Schuppe Trafficway",Imus,Wisconsin,Chile,385-626-987,579-880-897,"Schaden Inc",goodwin.com,"Court Clerk",fuchsia,2004-06-09,margarita60@hotmail.com,"Ut($h1/GbI0D\T'2.z?*"
b46a2b83-bae1-3101-abe4-f37ec678a6a5,Ms.,Peter,Beahan,"21A/21 Beatty Lights Suite 158","Abbott Bridge",Tabuk,Louisiana,"Sierra Leone",717-371-548,775-953-057,"O'Keefe LLC",adams.com,"Construction Equipment Operator",green,2017-07-04,cremin.heber@hotmail.com,"2\N5`Y6|h60N;jr"
bc483106-706e-3146-b53c-59fb44fc729e,Ms.,Devonte,Corkery,"90/67 Von Rue Apt. 026","Kunde Parkways","Masbate City",Kentucky,"Saint Vincent and the Grenadines",572-487-533,196-810-337,"Brekke, Yost and Satterfield",ernser.com,"Shuttle Car Operator",purple,2016-07-23,kayley.grant@greenfelder.com,Lv&z>nurUu8
7cdb2a16-c295-3f8c-bd3e-72c68fe26fcd,Mrs.,Ladarius,Toy,"59A Stoltenberg Estate","Stanton Mountain",Valenzuela,Florida,Spain,716-609-125,397-494-106,"Blanda PLC",jenkins.biz,"Gaming Supervisor",black,2013-12-29,rhaley@pfannerstill.org,"L6`MK`M_mw{\`R""4W?4d"
6b2cdc77-795b-3f99-8acb-778ccf04031c,Mr.,Armand,Price,"67 Thiel Alley Suite 351","Kassulke Oval","San Juan",Oregon,Romania,391-312-695,867-133-319,Weimann-Braun,steuber.com,"Order Clerk",green,1974-11-15,mya72@cartwright.biz,"P_\4j""L&$`n"
